ID,Sequence,Charge,GRAVY,MW,TargetingIndex,Sebum_Compat,AMP_Potential,Toxicity,GlowScore,Source
AMP_737_496851,MSKMITIRWLLRKLSLKKMDMFIQIQILTTQVKRPKFIKVQFLMCIVLLTRTLIFLV,9.48,0.76,6911.75,6.39,61.77,68.2,18.9,79.4,Lactiplantibacillus plantarum (firmicutes)
AMP_5937_496851,MAVNKFLISVNSLVFKLVTSTTRFIRAVCSIKWFVIFPLIRKSKLSCATTSLIMVRIKSERLS,9.48,0.73,7193.74,6.13,60.61,68.12,18.45,76.9,Lactiplantibacillus plantarum (firmicutes)
AMP_3780_496851,MLVALINYYKRLKMLGSVLLMKKVILMLERSKVSKKFLRRNLVTLARLLELKSMIPCGCI,10.48,0.61,6981.82,5.83,56.29,70.01,16.65,74.68,Lactiplantibacillus plantarum (firmicutes)
AMP_9183_83697148,MFTPIYFAIHMQLFFIMKLRILNKFKKDSVIVIYKRLLIYMFIPLKKIYVKIGIKLSINFKFLIKGNNYVNTN,11.57,0.56,8851.9,5.51,54.61,71.93,15.9,73.62,Staphylococcus epidermidis (firmicutes)
AMP_946_496851,MLIRIFMNAIFFGLRVFHLFRSRIGASPFAGFLRLTRLLRILAWILFIRRQNSPWG,8.59,0.7,6708.1,6.04,59.62,65.86,18.0,73.05,Lactiplantibacillus plantarum (firmicutes)
AMP_901_496851,MSGQHFRRKRAKKLGLLKFIHLFLKIGFAIFGYRAIIFLVGKI,9.67,0.53,5034.2,5.91,53.48,68.26,15.45,71.69,Lactiplantibacillus plantarum (firmicutes)
AMP_10671_83697148,MMFTLLIRRINLKSRLMKKFKSLQLLLSNETIKITQCFKTVFNFIIILITLLFRNGRIIFDFLFFKYLI,9.49,0.78,8423.38,6.22,62.34,68.04,39.2,71.67,Staphylococcus epidermidis (firmicutes)
AMP_936_496851,MLRRVSMRTPRMRIVSIFCKPFAMSMKCYLRKAGIKKFGMSLITILIFS,10.47,0.5,5759.24,5.72,52.57,69.81,15.0,71.63,Lactiplantibacillus plantarum (firmicutes)
AMP_3207_496851,MTIRIVRSLTRLRCFTRISDTCMIIAVRVRCFAVIIVVRYGRSTMIIVVRVGRVNVIIFWQDNGHHSRFS,9.65,0.61,8209.83,5.53,56.25,68.0,16.65,70.3,Lactiplantibacillus plantarum (firmicutes)
AMP_786_496851,MISLTQSAWASSSMRCFKRLIKVFLIARKRSAGCIAAGKAAAIFVMTSLAKKISPLKTMLVKRNWSAGS,12.47,0.4,7491.06,5.06,49.1,74.08,13.5,69.36,Lactiplantibacillus plantarum (firmicutes)
AMP_6208_496851,MIIRPLYIGNRHNIFKLKTMFFFFFDFKKGLFLHVLDCLFKTCVFIIIRYLKKSKEFVLR,8.65,0.56,7439.1,5.41,54.72,65.8,15.9,66.31,Lactiplantibacillus plantarum (firmicutes)
AMP_3603_496851,MRCGIVKMLPFMIHKSLVNTWAGIRRIFGSSTVRLRAIRACVTWIMLSWKTVRYSIRT,10.56,0.39,6813.28,5.02,48.64,70.11,13.35,64.85,Lactiplantibacillus plantarum (firmicutes)
AMP_5861_496851,MLRLLNQQFLVISGGSLRKLTLTVISMKLALILISFRIINHCQRKRVFCGDCIFNVARQRKLN,9.55,0.45,7302.86,5.03,50.89,67.98,14.25,64.04,Lactiplantibacillus plantarum (firmicutes)
AMP_3168_496851,MTSIAMKIHVMGAIVSLKKTRPTIIAPTAPIPVQIGYAILNGKCLVANAKKPKLKTMPTTVAAA,8.57,0.5,6684.21,5.09,52.66,65.9,15.0,63.25,Lactiplantibacillus plantarum (firmicutes)
AMP_3793_496851,MRVALRLILKTQKKPCKYYMMRLLKLVIHLVKKLRLLLTRRHRIFIIERPTIMTLRAKRTRRQPLVIIICSY,18.65,0.15,8857.13,4.66,40.15,84.23,29.75,63.15,Lactiplantibacillus plantarum (firmicutes)
AMP_143_496851,MTLEPIVACTGISKFCRGIIVLSLAAISRPRAGAKSRCAIKLRASTWSPFNKISILTRSLAR,9.47,0.43,6703.03,4.93,49.9,67.93,13.95,62.73,Lactiplantibacillus plantarum (firmicutes)
AMP_5920_496851,MLNCRTHRKFKLYQKLIGRTIYTSILHFMQIKILFIMWIDFKIHITLSFLHSIFLERLRKIMI,8.84,0.47,7853.63,5.01,51.56,66.37,14.55,62.62,Lactiplantibacillus plantarum (firmicutes)
AMP_9449_83697148,MKTLKLKFQKINFTQQLIKFVIIDFKHYLFKNIITIIHKLILIKLLNIHISNYITKSTRWLILQS,9.75,0.42,7912.64,4.87,49.59,68.35,13.8,62.58,Staphylococcus epidermidis (firmicutes)
AMP_765_496851,MVRQKVTVFYSMIKMMCGTWRSSLVTTGLHNGFRMMPTRWLPTKLRFNGLILMIPITLCGLMVFKNLLRNTI,9.56,0.44,8409.32,4.82,50.41,68.16,14.1,62.51,Lactiplantibacillus plantarum (firmicutes)
AMP_12341_77258228,MVNRAYLSLSVLALVLWVAAYRHLPGWAAGITLACIVLFSLFCEWSRVRTLARIGKSRGTAAQSSRGRKLS,8.57,0.51,7821.21,5.0,52.8,65.67,15.15,62.45,Cutibacterium acnes (high G+C Gram-positive bacteria)
AMP_764_496851,MALPHHFQRMATVTKLSRTLKSLKRVFLKRMALTKKTLVFLQLKVFMVMNIR,11.67,0.24,6202.72,4.75,43.35,72.55,11.1,62.21,Lactiplantibacillus plantarum (firmicutes)
AMP_6642_83699348,MLLIKRPASWLKKGINLFLLAVFPANIYMARKGLPLGDKELPKWALYSRLPLQFVLIKAIKKL,9.49,0.41,7248.95,4.84,49.33,67.96,13.65,61.86,Staphylococcus epidermidis (firmicutes)
AMP_3007_496851,MQRLMLVLRSNLVTIIKLLTTISLAQLVQWPPSGKCSTIPSNKPLVSYQLPTKMHTATTIIRSMLIRKRLMAAGGII,9.57,0.43,8558.42,4.72,50.14,68.31,13.95,61.85,Lactiplantibacillus plantarum (firmicutes)
AMP_9175_83697148,MLLIKRPASWLKKGINLFLLAVFPANVYMARKGLPLGDKELPKWALYSRLPLQFVLIKAIKKL,9.49,0.4,7234.92,4.82,49.17,67.94,13.5,61.65,Staphylococcus epidermidis (firmicutes)
AMP_7826_83699348,MMLMKYGHLFYQLWLSYLMKTILMQIKLKVLVLQTNVKRQLYGIKIQVVQSITLSFGNHVRHKIFVQI,8.75,0.46,8166.98,4.88,51.16,66.18,14.4,61.36,Staphylococcus epidermidis (firmicutes)
AMP_12165_77258228,MRGPISVKRMCTMPRSVIVRFTKRRLATVSVLARLMSFSANGRTRLALVTVVTTWPCSKSWLARLRRMMRS,15.48,0.11,8183.93,4.18,38.85,79.44,9.15,61.02,Cutibacterium acnes (high G+C Gram-positive bacteria)
AMP_5923_496851,MSFKLTLCISNIIPLSKSFTPVFIIKRYSMVLRDKKSYCFHKYSFLINSAVFFIPSSRLKGLSLP,8.56,0.45,7524.03,4.86,50.78,65.75,14.25,60.6,Lactiplantibacillus plantarum (firmicutes)
AMP_8006_83699348,MIKLSNRFTQYLFLLYSHLEIKMPKIVTIIVLIKATRKEIQKDVKSGIALNSLYRKLIFFKNLFSFIRF,9.58,0.38,8283.02,4.64,48.34,68.15,13.2,60.16,Staphylococcus epidermidis (firmicutes)
AMP_32_496851,MKWLFMVSRQHRRKLNWPIKLAQPPFLCAMILGTRPIIIFLIRCLMGSVRHYQLVWRLPSTVGGSFFMAWQLAIHQ,9.74,0.38,9036.96,4.56,48.4,68.57,13.2,60.06,Lactiplantibacillus plantarum (firmicutes)
AMP_9293_83697148,MTLLTIYYFIKFFFNFIGCFFRYWFTGKLFFTRVIILFSYWIINTTYKPWFKHIPFIKESRLCLNHLSRGNSCGLTKC,8.63,0.46,9604.4,4.73,51.15,65.85,14.4,60.03,Staphylococcus epidermidis (firmicutes)
AMP_7858_83699348,MRKFIFYLILAIAAFGLMMNLDEFLFSIMKAIISFAIIALIIYSIYYFFFLTEDQRKYKKALRKYKRQKRKQ,9.49,0.39,8834.7,4.63,48.81,67.58,13.35,59.82,Staphylococcus epidermidis (firmicutes)
AMP_816_496851,MRPSGEPGRLILVALTRRVTCGLAKFLVFRLAGPMRMRSCRLIETIIKLSRPMRRPIMTVSF,10.48,0.29,7101.73,4.52,45.22,70.16,11.85,59.49,Lactiplantibacillus plantarum (firmicutes)
AMP_10297_83697148,MLKIRRLLLILVVCTHVLKLKRVSSGLLTNHKLKVRRLKHTGYVG,10.74,0.34,5205.47,5.26,46.82,70.49,32.6,59.21,Staphylococcus epidermidis (firmicutes)
AMP_3266_496851,MAVRSSAPAKCIIKSMRKAFVITPSKCVAITSLYSHKIPVNFLGFKNVK,8.56,0.37,5382.53,4.88,47.93,65.59,13.05,59.1,Lactiplantibacillus plantarum (firmicutes)
AMP_7761_83699348,MLKIRRHLLILVVCTHVLKLKRVSSGLLTNHKLKVRRLKHTGYVG,10.83,0.18,5229.45,4.65,41.38,70.77,10.2,58.8,Staphylococcus epidermidis (firmicutes)
AMP_6723_83699348,MIIIRAKALIRPGIDKNLIIFILSSSFKAIKANKNAKSINIKPPLSKMGKNINKAIIAVNVLTFIFYSSLNPPKRLWRD,12.49,0.21,8891.72,4.12,42.49,74.19,10.65,58.54,Staphylococcus epidermidis (firmicutes)
AMP_718_496851,MPMPIQPVVLYKPTKPLVNASLTVRKTGPTIVKVRKPVMTIANIGVNVKSNAPLICLWKNFSRVAKI,10.48,0.28,7382.01,4.37,44.82,70.32,11.7,58.34,Lactiplantibacillus plantarum (firmicutes)
AMP_7764_83699348,MVKSRDLSLLQKVLGNKNLQILYVTKNKLKMLKLMLRLKLKIAV,9.49,0.22,5138.47,4.62,42.8,67.98,10.8,56.9,Staphylococcus epidermidis (firmicutes)
AMP_6348_496851,MFVILRFIVGCKSTAKSSIIFGRRKIDNPSIHGKWTKPISKLRDVGIIFIVQLMRTA,8.57,0.34,6488.83,4.56,46.91,65.88,12.6,56.75,Lactiplantibacillus plantarum (firmicutes)
AMP_9136_83697148,MLSKTINKLKISLLIQATKLKVYINKTRHFTGCMRMRASCFLLKF,9.56,0.22,5290.54,4.6,42.86,67.89,10.8,56.73,Staphylococcus epidermidis (firmicutes)
AMP_8136_83699348,MTSSFARPSIFSAMSFAIRTRPRRSVARIPSLICVITESRRRFSLSVFACASWTRFDKLLKASASSPISSLPYIFTRCV,10.47,0.28,8895.4,4.16,44.66,70.06,11.7,56.53,Staphylococcus epidermidis (firmicutes)
AMP_12028_77258228,MVSFLVRKASTRAWRRCDPRMSFSSSACRVACWVCRSLSWACRVALRVNASRARSSRPCSSARLAAFCILSTSVCN,12.42,0.17,8464.9,3.98,40.85,73.72,10.05,56.11,Cutibacterium acnes (high G+C Gram-positive bacteria)
AMP_804_496851,MTRRPRILPPIISPRLCFIIKLVLHIFVIFSPYNRSEMSANFKAGNRDKKVLKIAFSACCALMNR,9.56,0.28,7508.09,4.28,44.69,67.98,11.7,55.57,Lactiplantibacillus plantarum (firmicutes)
AMP_843_496851,MVSFKFATVKPGCKTFTLVRLKRVTVITLTRCGPGNFCCTRKKSVS,9.45,0.2,5111.2,4.46,42.15,67.72,10.5,55.24,Lactiplantibacillus plantarum (firmicutes)
AMP_10692_83697148,MTSSFARPSIFSAMSFAIRTRPRRSVARMPSLICVITESRRRFSLSVFACASWTRFDKLLKASASSPISSLPYIFTRCV,10.47,0.24,8913.43,4.03,43.51,70.06,11.1,55.02,Staphylococcus epidermidis (firmicutes)
AMP_902_496851,MGMMRQVRATLRMRLALRSPRFITILKIKRSSFWLSLRRSVRKSRLALKRFKSVRIGLRWIN,18.5,-0.16,7544.23,3.74,29.35,83.98,5.1,54.36,Lactiplantibacillus plantarum (firmicutes)
AMP_3678_496851,MMVMLSVLIPIERAISRLSPVTMKAWPRLVCKKTIRSTVMILITTRPTKTLSKYLGSDSKK,9.49,0.23,6920.5,4.16,42.98,68.5,10.95,54.29,Lactiplantibacillus plantarum (firmicutes)
AMP_3164_496851,MIFGTSRKKCAYCMLMLKKRLRTICVRAFPKRCITILRAKNLNSLSPFLNSRG,12.45,0.04,6150.56,4.05,36.52,73.83,8.1,54.17,Lactiplantibacillus plantarum (firmicutes)
AMP_8088_83699348,MANYTCLIMFLIKDFTSKLTHICNGSHCRISFNFPKRRRINIIKKSRGIIFINLICCEKTIRRCHIIR,11.7,0.14,8114.82,3.94,39.94,72.25,9.6,54.13,Staphylococcus epidermidis (firmicutes)
AMP_6922_83699348,MKLITSHIFRCISDNKLIVKSKFSEKLLTNKFKLCNLCINNLKNILHTVKRKVKLTLLIQRVFTR,12.64,0.08,7700.39,3.88,37.8,74.31,8.7,54.02,Staphylococcus epidermidis (firmicutes)
AMP_6604_83699348,MLSKTINKLKISLLIQATKLKVYINKTRHFTGCMRMRASCFLLKFYFN,9.56,0.17,5714.99,4.27,40.91,67.82,10.05,53.36,Staphylococcus epidermidis (firmicutes)
AMP_940_496851,MATKPGFTGLIAKKKFVKLLTKRLRRYLGRGSRVVHVAPVSIDTGSLVATC,9.57,0.18,5542.66,4.22,41.31,67.87,10.2,53.28,Lactiplantibacillus plantarum (firmicutes)
AMP_115_496851,MPSTALPTTCRSSSNSSNWVKAEFNILWSSAKYKVIMLAHYSFGKVKINWVPRRLLVMAKVPCLACKRVRIPAIPLAP,10.55,0.19,8745.45,3.85,41.73,70.39,10.35,53.02,Lactiplantibacillus plantarum (firmicutes)
AMP_242_496851,MARKNSANTMPTNPTFNKARIVTNSPIRPMTFPVICRLAATVGFFLRVEVRRFFVVACLRATLRSSFLN,9.48,0.22,7819.24,4.0,42.86,68.06,10.8,52.79,Lactiplantibacillus plantarum (firmicutes)
AMP_953_496851,MPTVKIATRTITSTRRMPNLKNNKTTKTSAIVSKIPASSGKPNNIFKAIAVPITPVISVAIIATSFKIHAA,10.58,0.17,7529.91,3.86,40.87,70.57,10.05,52.73,Lactiplantibacillus plantarum (firmicutes)
AMP_10567_83697148,MKYKTTFKIEPPFTLAIFSKIITKTLSKLLLKKLVNVLHQLDKLILTFITKLNLNKI,8.58,0.39,6658.2,4.77,48.69,66.12,33.35,52.62,Staphylococcus epidermidis (firmicutes)
AMP_3398_496851,MSKSCKLTWPKLPIRATSIAVISGTNRISRVFKIRAVVIPFGHRTKTLSAW,9.57,0.16,5724.84,4.13,40.49,68.25,9.9,52.53,Lactiplantibacillus plantarum (firmicutes)
AMP_15219_77258228,MVAISAMSQPALWRARSRARVLPAGTMRSRAALMSSILICRMRTASMTRMR,9.49,0.16,5709.93,4.15,40.76,67.81,9.9,52.48,Cutibacterium acnes (high G+C Gram-positive bacteria)
AMP_9091_83697148,MISAAVSGRRIKPDPLPFFATFATGQPIFKSIPLKPISAKPILISRNCSGLSPQICATIGCSSSLKVKRPRTL,9.47,0.22,7782.27,3.94,42.86,67.97,10.8,52.31,Staphylococcus epidermidis (firmicutes)
AMP_15506_77258228,MCCHSSSAVISTSRFAITPGSAAAVRAARANLSLVHVIAISLVAFPWPPPHTLCQPRPCPRGRPPSTRFAALCRRLAP,8.71,0.28,8273.7,4.0,44.69,65.73,11.7,51.77,Cutibacterium acnes (high G+C Gram-positive bacteria)
AMP_10326_83697148,MLFILDGKVGFTSTSKLQDIWMVMRLKIMKSIILKINHRTNITTIVKMINIKATNNIINRNKIK,9.58,0.19,7458.09,3.94,41.51,68.12,10.35,51.67,Staphylococcus epidermidis (firmicutes)
AMP_9459_83697148,MKLITSYIFRCISDNKLIVKSKFSEKSLTNKFKLCNLCINNLKNILHTVKRKVKLTLLIQRVFTR,12.55,0.04,7700.34,3.7,36.35,74.1,8.1,51.65,Staphylococcus epidermidis (firmicutes)
AMP_12188_77258228,MVRTLLANRSFRQLTLRLGASRLSRRRGSGLLISRASFLAHGLAAAGWFASRILLAHRPGRTS,11.67,0.07,6930.07,3.77,37.5,72.35,8.55,51.56,Cutibacterium acnes (high G+C Gram-positive bacteria)
AMP_7873_83699348,MYNFHFIKKSIYRLLILNTKNHSFSIINVLRSDFTFKNLFFSNKKQAMGIFFMTVNVKVCKSLNTMIPNIF,8.66,0.26,8459.05,4.0,43.97,65.86,11.4,51.5,Staphylococcus epidermidis (firmicutes)
AMP_8023_83699348,MKYKTTFKIKPPFTPAKDLAIFSKIITKTLSKLLLKKLVNVLHQLDKLILTFITKLNLNKI,10.58,0.24,7068.71,4.35,43.43,70.51,31.1,50.93,Staphylococcus epidermidis (firmicutes)
AMP_176_496851,MIRTPLRFPSLIISIRTMFASRCALGWTNRIRLGANRLVAMVLNKSSSRSGR,9.49,0.13,5877.0,3.98,39.58,68.05,9.45,50.87,Lactiplantibacillus plantarum (firmicutes)
AMP_6561_83699348,MISAAVSGRRIKPDPLPFFATFATGQPIFKSIPLKPISAKPILISRNCSGLSPQMCATIGCSSSLKVKRPRTL,9.47,0.19,7800.31,3.79,41.62,67.97,10.35,50.6,Staphylococcus epidermidis (firmicutes)
AMP_3316_496851,MPSKARIKVVFPTPFSPITVKKSPCSMLKFKSLNTWLFGKPIPRCWTAINGSVITLPQLSKLK,10.47,0.1,7059.56,3.75,38.67,70.29,9.0,50.54,Lactiplantibacillus plantarum (firmicutes)
AMP_14978_77258228,MARAMAGSALTATHRPRTRGFHGAVDPRTLFLYVIVFLLGLAGGWLGIKVGRKHFQRAGLTK,8.76,0.2,6747.95,3.94,42.06,66.08,10.5,50.33,Cutibacterium acnes (high G+C Gram-positive bacteria)
AMP_3685_496851,MRITVIILSVRRRLQPLLLKSQNQRRLKVVRPPMCGHLLVSGQLVAA,8.58,0.3,5359.57,4.66,45.5,66.15,32.0,50.26,Lactiplantibacillus plantarum (firmicutes)
AMP_12174_77258228,MRRMVMPSSTKACEMYRSSARRPSVCSALAMAEAITLRIGSAAACGWNFSMVTASTASIPRTRLITRRHLLALIRT,9.56,0.18,8345.87,3.71,41.17,68.21,10.2,49.99,Cutibacterium acnes (high G+C Gram-positive bacteria)
AMP_12486_77258228,MTIFQSFRWPSIGVTVRRPSMRLLVRITLLSLSSARSLITASTMPTCFQGHVAVARRRPPAFLPER,8.58,0.2,7469.83,3.85,42.11,65.96,10.5,49.67,Cutibacterium acnes (high G+C Gram-positive bacteria)
AMP_5943_496851,MTPGNRKLLQLRIEKAFVLIQILMTRLRVWHISKIKRYMKLRMKWLKPISEISFLHAKEKYLIV,11.67,0.03,7849.67,3.59,36.15,72.56,7.95,49.63,Lactiplantibacillus plantarum (firmicutes)
AMP_8081_83699348,MIPAINHKAPAIKLKKRPMIPVITSNIPDTLAFLPIKIAATIDTINKMRSIIMRTTPKPNIKL,8.58,0.18,7014.61,3.83,41.44,66.34,10.2,49.5,Staphylococcus epidermidis (firmicutes)
AMP_747_496851,MLPIRQLVMPRKVSGRPSLYLLTGRRLLRRCAAPRRRVKVVGLS,11.49,-0.06,5071.23,3.86,33.01,72.11,6.6,49.44,Lactiplantibacillus plantarum (firmicutes)
AMP_3342_496851,MRRFNFTNQTKDPRSIGTVHICNPQRFIIRQTIIRPLFSIKCNRCIHVVRINIATRNGEVLRIDFIKVGIILIC,9.64,0.15,8692.34,3.66,40.39,68.32,9.75,49.35,Lactiplantibacillus plantarum (firmicutes)
AMP_589_496851,MVIICNKNRAWIFNRSLCNQLLTKLHILQGRLRLRLRPAIRCRKAMRNGVFQHGLAFRNRFITTLTT,13.64,-0.06,7964.54,3.39,32.91,76.28,6.6,48.76,Lactiplantibacillus plantarum (firmicutes)
AMP_7917_83699348,MTKSANKIISIAIKDMKHIQNVLNRLLQISAKIKNIPFSKMVKILISTSTK,8.58,0.13,5752.0,3.87,39.6,66.08,9.45,48.59,Staphylococcus epidermidis (firmicutes)
AMP_555_496851,MYFVVPWLIRKLAGISAARLNTSRSTKGVRNSRLWANAVRSALCNKSPFNHVCISINCILEIKS,8.56,0.18,7176.43,3.78,41.23,65.77,10.2,48.58,Lactiplantibacillus plantarum (firmicutes)
AMP_45_496851,MAPPFSKVSLLRAKLAKKFLNSLRKLSKKPACGLRV,9.48,-0.01,3997.95,4.05,34.51,67.94,7.35,48.51,Lactiplantibacillus plantarum (firmicutes)
AMP_3560_496851,MVKLGYVTRVTVVRNTTLRSVAVLQRPRHLQQVRRRRLLVRTRLRPQRIFGPLLV,13.59,-0.13,6573.91,3.46,30.48,76.31,5.55,47.81,Lactiplantibacillus plantarum (firmicutes)
AMP_14873_77258228,MASRTSMPLVPRPKVASKPVSAAISRFTWVPPATRTTLSRMPFSVARSANFRIMVRWMSL,9.5,0.08,6735.01,3.61,37.98,68.42,8.7,47.79,Cutibacterium acnes (high G+C Gram-positive bacteria)
AMP_6914_83699348,MLNIYFCVYKRFIHHILHLFLISVLFLCSIKTRRNSFTLVSKTNKKRGKNGKHYKLYK,12.82,-0.08,7061.49,3.44,32.1,74.39,6.3,47.37,Staphylococcus epidermidis (firmicutes)
AMP_7772_83699348,MKMNPRYVKVFFLYLVSTFISNRLTTNKSLCKTLMQGILGYGLFALGLKYLTIKKKQHQAQ,9.57,0.08,7088.52,3.58,37.81,67.75,8.7,46.97,Staphylococcus epidermidis (firmicutes)
AMP_11846_77258228,MGARTLWAFLRFVVGTAAGAHCSSPTRGRVRTGVWPSKLRLVKKPTVETLPARLV,8.58,0.11,6004.09,3.71,39.01,65.7,9.15,46.95,Cutibacterium acnes (high G+C Gram-positive bacteria)
AMP_10626_83697148,MIPAINHKTPAIKLKKRPMIPVITSNIPDTFAFLPIKIAATIDTINKMRSIIMRTTPKPNIKL,8.58,0.13,7078.65,3.6,39.5,66.26,9.45,46.87,Staphylococcus epidermidis (firmicutes)
AMP_166_496851,MTGGLIPKPFSPAKASPLSFRITRLYLTSDIVLSSSKLSVYHFTIYFNKRLVSAVIRRKN,8.58,0.13,6787.97,3.65,39.43,65.8,9.45,46.81,Lactiplantibacillus plantarum (firmicutes)
AMP_489_496851,MPIRCNLANICRRTFSSIYSAPIVLLKFCTNCINARTTMPKKYRPAKYHMTGTVACPVLR,9.53,0.07,6836.22,3.56,37.57,67.59,8.55,46.61,Lactiplantibacillus plantarum (firmicutes)
AMP_60_496851,MTGIPVIIKVIKDTRKNPAWQLKPVFYGFLRWQKLHGGLFYHKMNGRKKICIFMKIIIKLD,10.66,0.01,7272.89,3.45,35.46,70.13,7.65,46.51,Lactiplantibacillus plantarum (firmicutes)
AMP_7812_83699348,MVVVPKKVQTLAQHLNQLLVMSLMLLQHKHYQKATSLKLQKKYLQCAKQLLKQWLILNTLHLMLH,8.92,0.11,7699.42,3.54,38.88,66.66,9.15,46.46,Staphylococcus epidermidis (firmicutes)
AMP_244_496851,MSKPIPTSSELACIVNKSARGVPSPLPISKIRCAVFGNAALMAWTMGPKKPACKTRRRAASMLASYSLAT,9.47,0.09,7392.81,3.44,38.15,67.97,8.85,46.36,Lactiplantibacillus plantarum (firmicutes)
AMP_6628_83699348,MISGRMSAKSRRSITFKLIENFNPANCSFLCLNTNMHTIAAMKGAKSLILKTKRFTPIVA,8.56,0.11,6674.97,3.6,39.02,65.76,9.15,46.28,Staphylococcus epidermidis (firmicutes)
AMP_8112_83699348,MKRSTKSTAISSTRLSLLPYLGKSPSISKSVTRPSSLRIGLTCAYLIADKESAATDNPAIPVAIVRIISVSCKAISRRS,9.48,0.1,8392.78,3.36,38.5,68.3,9.0,46.24,Staphylococcus epidermidis (firmicutes)
AMP_3258_496851,MSQFMGRNGQLIFYRMIAGWKAIRVNHTLRRIHPSCSLRTTLIVRPPSPADFRSGRLRLVFTLAQRNLGFRLVLSLN,11.66,-0.0,8924.52,3.21,35.0,72.4,7.5,46.08,Lactiplantibacillus plantarum (firmicutes)
AMP_10687_83697148,MRVLIFYLFIFLLIFYQLGNIRKCNINHKACKTSFSPSMIHFHFIKKSLNQSFMHYNPFKLTRNHSLHFS,8.99,0.11,8511.05,3.49,39.0,66.47,9.15,46.07,Staphylococcus epidermidis (firmicutes)
AMP_15331_77258228,MPFLTSMTRRVPLVRSVRSLTSAIPVIFLDCTRVLIWSMIRSGPTMYGSSVTTMPRRRGETFSMRAVARILKEPRPVQ,9.5,0.09,8897.59,3.35,38.28,68.27,8.85,46.05,Cutibacterium acnes (high G+C Gram-positive bacteria)
AMP_14607_77258228,MPVTAISKVRGIGVALIASTSTLTLMRLSASLCSTPKRCSSSTMTKPRSLNSTSLASKRWVPTTTSTVPR,9.48,0.08,7382.63,3.39,37.7,68.31,8.7,46.01,Cutibacterium acnes (high G+C Gram-positive bacteria)
AMP_2999_496851,MTKLSPPFKRILPRCPSRLTSLRRIATTTLPKTLRKRADLTVWFTKLDVSGMETSTSRTRSLVISVILIF,10.49,0.02,8004.54,3.3,35.85,70.53,7.8,45.96,Lactiplantibacillus plantarum (firmicutes)
AMP_11876_77258228,MNCLRGATSLPIRISKVPSASAASSTVMRRRVRWRGSIVVSLSWEASISPRPLYRCGSLNRTPFFASWAAVRWYSASV,10.48,0.05,8674.0,3.26,36.62,70.2,8.25,45.84,Cutibacterium acnes (high G+C Gram-positive bacteria)
AMP_12503_77258228,MYWLSKLALCVLRRRTLYEEPALLMLAGRPPFIGSQIRRVLSTLLPRSMRSLRRARAWNMASPPCL,9.48,0.07,7685.26,3.43,37.44,67.86,8.55,45.83,Cutibacterium acnes (high G+C Gram-positive bacteria)
AMP_137_496851,MISFGLNSKSRSCFSSKSRPVMMFSSRSALRKNCLILLRARRV,9.48,-0.03,4922.89,3.66,34.1,68.0,7.05,45.73,Lactiplantibacillus plantarum (firmicutes)
AMP_9325_83697148,MYQRLQHILTLFPFIVRCKNIFNYTIKARQCSFKKASTMMSISICCITSKYWKCNK,9.53,0.03,6731.12,3.5,36.19,67.63,7.95,45.5,Staphylococcus epidermidis (firmicutes)
AMP_3608_496851,MRLVAIMRPLMIMAMRRLRPAGEKIIVPAKTKVARISKTMIMRHHPPD,8.68,0.05,5563.97,3.63,36.6,66.12,8.25,45.45,Lactiplantibacillus plantarum (firmicutes)
AMP_11642_77258228,MLPSVAVRAANARPSSLERVRVFVMRVRSRPRLRWLARTVTSVMNVAGSR,9.5,0.0,5664.69,3.52,35.0,68.03,7.5,45.25,Cutibacterium acnes (high G+C Gram-positive bacteria)
AMP_15294_77258228,MASHCPGWKSALLRPTRRRRIATPWVRRSSTFGIASVVVVMAPPCAVIFSGASDSFVARFRHGGRTP,9.65,0.05,7324.51,3.36,36.83,68.03,8.25,45.16,Cutibacterium acnes (high G+C Gram-positive bacteria)
AMP_11638_77258228,MASRRPVARMATRRSRTSWRSSALLYEIAAVVAWRMSAVTAVRSVSLGKPLPTKVT,9.5,0.02,6188.27,3.43,35.62,68.25,7.8,45.12,Cutibacterium acnes (high G+C Gram-positive bacteria)
AMP_12296_77258228,MASRNISQLRFSSSLTRRTRLPLRHILSIAECEVGGSKAVLALRICAVPVVASPSSLSSIRSSWKTFARPNARR,10.57,0.02,8122.43,3.22,35.66,70.23,7.8,45.06,Cutibacterium acnes (high G+C Gram-positive bacteria)
AMP_12589_77258228,MVVIHQRRSPSRLDALVTSARVLIPRPNSLMSGFCPDMSTLTVTVAPVLTSPTLTARPLCAPSITTAARGRRLFSHRR,8.66,0.12,8510.97,3.35,39.04,66.14,9.3,44.88,Cutibacterium acnes (high G+C Gram-positive bacteria)
AMP_15123_77258228,MKVHGLRVFLATWAATCCCLLTRPRSPSASALRIRTYPRAWTPSRFWGPAGRFV,8.56,0.06,6121.2,3.53,37.27,65.67,8.4,44.86,Cutibacterium acnes (high G+C Gram-positive bacteria)
AMP_14664_77258228,MRKLSSVGAPCGREARWTARVVVGRVVLMGVLLFSTPLQHYLPTLARASRSHQTIPRRVIAGHAQ,8.75,0.08,7161.4,3.42,37.96,66.14,8.7,44.83,Cutibacterium acnes (high G+C Gram-positive bacteria)
AMP_952_496851,MIKFSKAASLKPTNIPIIRIGISVTARVSSRRCHSGKRMCK,9.56,-0.07,4543.5,3.6,32.7,67.99,6.45,44.56,Lactiplantibacillus plantarum (firmicutes)
AMP_11830_77258228,MKFSSRMCFFFLPIARRNRSAPPRVYPASFRAIDMICSWYTMRWYVGARISSRSSLSSGWIGMTGSRLFLR,10.48,0.01,8322.75,3.2,35.2,69.97,7.65,44.47,Cutibacterium acnes (high G+C Gram-positive bacteria)
AMP_3165_496851,MLRKRMSACSKCRPYVVTALKNARLPSNFVTFAICGVFSVSNRCCKVSTCMCGNRYDAYWK,9.42,0.03,6937.24,3.37,36.15,67.39,7.95,44.42,Lactiplantibacillus plantarum (firmicutes)
AMP_844_496851,MNHYKLIVQVSHRQVLAQWPVLVTQTRKILMKLKKLWIQKLVR,8.67,-0.01,5266.46,3.58,34.76,66.34,7.35,44.36,Lactiplantibacillus plantarum (firmicutes)
AMP_12303_77258228,MLAYIIRGLVLCTLSASTPKRFVTPGRKFSNTTSACSTSFMKRSWSLGSLKFRTTLRLPWFNSAKYTLSSPLKGPK,12.47,-0.08,8492.96,3.01,32.33,74.17,6.3,44.2,Cutibacterium acnes (high G+C Gram-positive bacteria)
AMP_3835_496851,MVNVSLKRACLVGHPIKHALLRLLKLSVTHCNDRYCQLQIVFLYQQRSLAYSVRAGRIRLPQYWK,9.73,0.02,7667.11,3.27,35.65,68.28,7.8,44.07,Lactiplantibacillus plantarum (firmicutes)
AMP_2996_496851,MPCGVINSTRGSCATHSVRILRLRLTSSRFRARTRWRCAKILTASWSFKTPPQIIV,10.56,-0.06,6388.53,3.28,33.0,70.22,6.6,44.0,Lactiplantibacillus plantarum (firmicutes)
AMP_168_496851,MKITSGIRGMSSIPPKNFSSLARCFINNETSFLGNRSKVPSASIFFKSLRRLIRVWMVFQLVKVPPNQRWLT,10.49,-0.01,8286.77,3.13,34.66,70.34,7.35,43.95,Lactiplantibacillus plantarum (firmicutes)
AMP_864_496851,MAGHDIFVLGLKVVKLTGCNPQFSHCLFSGHGKSLLRLGRTKWFAISSKYLTHNRRVSWLAISHRAVNIKH,10.0,0.02,8041.4,3.19,35.54,68.88,7.8,43.85,Lactiplantibacillus plantarum (firmicutes)
AMP_3778_496851,MSKSRFFTVLAVAVGATCSASLWISKTCLFRKQSSRWPILGTLTCRRAIRRSHNRPHLRISNKPIY,12.64,-0.12,7576.91,3.07,30.92,74.18,5.7,43.81,Lactiplantibacillus plantarum (firmicutes)
AMP_3487_496851,MSKSGLVVFIVCIRGQRYMSSRRRFLKWVVAKLFQKFWRLELRGSLQSMTKSHSVYT,10.57,-0.06,6828.11,3.25,32.91,70.28,6.6,43.77,Lactiplantibacillus plantarum (firmicutes)
AMP_15164_77258228,MPVGLVRLRNLLVSMTLPLVRAKYSRESSSSIERCMAPTRIIGLRNKRFRRISLTIRGKPA,11.49,-0.09,6967.36,3.13,31.73,72.27,6.15,43.5,Cutibacterium acnes (high G+C Gram-positive bacteria)
AMP_7796_83699348,MCIGSSKGKGMSKVTCVKKFLDMNQLVNGVPTQNNKPIPIKILKSKGKIFRIVFTSYAIVITNNALAKSKPPTKPPPGV,12.47,-0.08,8513.23,2.94,32.16,74.04,6.3,43.48,Staphylococcus epidermidis (firmicutes)
AMP_593_496851,MIIISCYYVRCLFNGLWRISHRNTNPRCLEHRNIIKVIAKRNRFSRGNLIIL,8.64,0.02,6286.48,3.41,35.67,65.87,7.8,43.36,Lactiplantibacillus plantarum (firmicutes)
AMP_6780_83699348,MYQRLQHILTLFPFIVRCKNIFNYTIKARQCSFKKSSTMMSISICCITSKYWKCNK,9.53,-0.01,6747.12,3.31,34.56,67.68,7.35,43.34,Staphylococcus epidermidis (firmicutes)
AMP_15257_77258228,MTLRSVPGSLGAPSSTISHPNMTSTCRLSLPIRKRSWMPLPRMSRLLSPRSFVICWRLAGARRTSTSMIFASS,10.57,-0.03,8092.53,3.05,34.09,70.47,7.05,43.17,Cutibacterium acnes (high G+C Gram-positive bacteria)
AMP_11941_77258228,MVIPRSRSISMRSKYWARALRSSRTPVICNIRSARVDLPWSMCAMIQKFRMTAGSVLPG,9.48,-0.01,6728.02,3.24,34.58,68.05,7.35,43.13,Cutibacterium acnes (high G+C Gram-positive bacteria)
AMP_12015_77258228,MGSQLHTTLRPVASTASMTLGRLVRTALLPIRVMKVRRPGSWSGSRASAIATASSPVVVGPSLTPSGLRTWRRNST,10.59,-0.02,8056.32,3.02,34.22,70.58,7.2,43.07,Cutibacterium acnes (high G+C Gram-positive bacteria)
AMP_3335_496851,MTASSVIANGFFRNSKSNARSLPDSVMCHTAVSLACPKASATIMTAPITMSSKARLFSRVRHGRKSNCRNSAVVL,9.64,0.02,8000.26,3.1,35.65,68.34,7.8,42.95,Lactiplantibacillus plantarum (firmicutes)
AMP_9_496851,MQQLMIYRLLICNNRFLIVGRTRVKLNTRVIRQFLVKRNGRWLQVLTRQR,11.49,-0.16,6213.5,3.19,29.33,72.18,5.1,42.5,Lactiplantibacillus plantarum (firmicutes)
AMP_3646_496851,MSYRPLICNQKMWFNWQRMLRRVTCRLSYMIWRSFTKTLWRRLRISILSPLIFSFN,10.48,-0.09,7146.58,3.14,31.88,70.19,6.15,42.37,Lactiplantibacillus plantarum (firmicutes)
AMP_3790_496851,MVSTNFQVHGSVLKKQRQFVAGLRKFRRYLPLKLSPFVVHWFQRNVRSWWLIGGPWVLGVVVCSDHRPLLARE,9.76,-0.0,8629.13,3.05,34.86,68.4,7.5,42.21,Lactiplantibacillus plantarum (firmicutes)
AMP_264_496851,MWIKQLIKMNALITHRVMNHNLLGDSCLYKLDSCFKCLKCFRFKVRGTRKKFKYFGPVLQTIH,10.71,-0.07,7563.15,3.06,32.39,70.34,6.45,42.16,Lactiplantibacillus plantarum (firmicutes)
AMP_15282_77258228,MVATRLAPTSPSSSASTLRKRTAGGVLLIRAGLRTLLPRLRPAAQRCHRLHA,9.66,-0.07,5587.59,3.22,32.64,68.23,6.45,42.09,Cutibacterium acnes (high G+C Gram-positive bacteria)
AMP_11994_77258228,MAVFWIHRKASGSVRSRLVCKIPLAWSTILRDSRRSSRSMTSSSTPRISAKRAIAISIAGMTSEASKGLTT,10.58,-0.06,7722.96,2.97,33.03,70.59,6.6,42.08,Cutibacterium acnes (high G+C Gram-positive bacteria)
AMP_9461_83697148,MLELFHNFPWSRNVFRKINIFHTFKQISKMTFFTFKILHKTIKAQYLNLLYFATIGIYYQNEGIYKIHLFKFK,8.84,0.04,9071.7,3.12,36.29,66.22,8.1,41.99,Staphylococcus epidermidis (firmicutes)
AMP_11764_77258228,MTACRVSSRTTFVPVKTLLRPLPPRRGVMLWMGPLSASRGYSYPMTAPMRYLTIRKKLRRL,12.48,-0.17,7067.56,2.97,29.15,73.99,4.95,41.89,Cutibacterium acnes (high G+C Gram-positive bacteria)
AMP_11626_77258228,MTMSTIATAMRVRIATILIRANQNSSSPKSFTVKRLRARSRRSVVAVRMKAQARS,12.5,-0.2,6163.29,3.03,28.13,74.18,4.5,41.84,Cutibacterium acnes (high G+C Gram-positive bacteria)
AMP_3469_496851,MIRARLMAIVKERWFLALVPVTRRGKIFPRSEIKRRNKSVSL,9.5,-0.12,5024.11,3.34,30.92,67.94,5.7,41.8,Lactiplantibacillus plantarum (firmicutes)
AMP_15366_77258228,MPSCSLTTLGLSTLLVALMPALQMASISVRWRGCRWLLRIFSARKGSPLQRPPRCSKGGSPRTTPLSSPAVRMPEW,9.47,0.0,8351.91,3.0,35.05,67.9,7.5,41.67,Cutibacterium acnes (high G+C Gram-positive bacteria)
AMP_12377_77258228,MPIPSTSSRIALVMPATMVRKIFCGFLTRTWRPSLTVASSLSLGRWSMVSRHSISSVPDRAARRPGEGMRLAH,8.67,0.02,8067.46,3.05,35.86,66.34,7.8,41.42,Cutibacterium acnes (high G+C Gram-positive bacteria)
AMP_14794_77258228,MPILAVTKASTKFCQCSPSGSRHGLPKNSGFVLKAAMTTQATGTMMRMLMITRRAWAASR,8.56,0.0,6488.73,3.16,35.12,65.73,7.5,41.35,Cutibacterium acnes (high G+C Gram-positive bacteria)
AMP_3229_496851,MKGKLKKCTKKRFSRFTFTLKIVINSSGLITTHSILN,8.57,-0.1,4241.12,3.44,31.41,65.85,6.0,41.34,Lactiplantibacillus plantarum (firmicutes)
AMP_766_496851,MKKTGIIIHLGSGTANVTSIQRLNRIHSRVSYRSFVTQPRRFQLPTLNLYWVLIIMKRSTIPS,9.67,-0.05,7296.57,3.03,33.28,68.41,6.75,41.24,Lactiplantibacillus plantarum (firmicutes)
AMP_12023_77258228,MKKFANPENSGVANISSMIVPCIVKSWLKVSWCINCIPGYANSARISRARMPPKTKKNSDVPKYSRPIFLWSVVVM,9.46,-0.01,8543.13,2.95,34.63,68.0,7.35,41.16,Cutibacterium acnes (high G+C Gram-positive bacteria)
AMP_15367_77258228,MNSLWGRQRKLRPSGLPIIPGTLNGYRVVPVVVRRLAWLPSRPRWLWALIPVARSASLER,9.5,-0.06,6914.19,3.05,33.07,68.03,6.6,41.05,Cutibacterium acnes (high G+C Gram-positive bacteria)
AMP_12537_77258228,MRYSGRLSLPRLTALTKRVWASRTIAHVPAIPMPARFMTISKALSGRKALRATPSRPRAAVMAMPPEGTW,11.59,-0.12,7744.22,2.84,30.75,72.47,5.7,40.97,Cutibacterium acnes (high G+C Gram-positive bacteria)
AMP_3741_496851,MGKQSGILRGAIKALREIHHYYRLVIKKFMNWQRRSRIFGLVISMSVR,9.67,-0.13,5745.89,3.1,30.55,68.4,5.55,40.25,Lactiplantibacillus plantarum (firmicutes)
AMP_457_496851,MKLSTINPMFFHFYEKNGTKLSSITQLLHYMSAINIIVRWHYVFQLRIPFRQQKSARKSTTNACLKPAHLILKI,9.83,-0.05,8764.37,2.86,33.25,68.47,6.75,40.1,Lactiplantibacillus plantarum (firmicutes)
AMP_773_496851,MITIPSRRKKAKLSFYLVRRLKRGAIMRAS,9.5,-0.26,3548.37,3.48,25.78,67.91,3.6,39.94,Lactiplantibacillus plantarum (firmicutes)
AMP_3438_496851,MKIRKTQLKGGLELRFLGCQAIIATCAYRLGLRLSSGGRMNHDHRRSAAHLRLIPTPLSLI,8.74,-0.03,6811.09,3.01,33.8,66.15,7.05,39.92,Lactiplantibacillus plantarum (firmicutes)
AMP_3716_496851,MARSTIPLFQPEVLKCNASQMELPTFWNIKCLRRLTMMRFKFLVSTGRARTLSLASRRRAICSQLPGTCRTTS,10.46,-0.09,8379.95,2.79,31.84,70.04,6.15,39.79,Lactiplantibacillus plantarum (firmicutes)
AMP_11896_77258228,MLRQHRNEPTGSFIASHLSVRFRAGLDSVIFARLRMRMASRMYTRPVITVRTKAMIMTAQAMT,8.68,-0.03,7269.63,2.97,33.89,66.0,7.05,39.62,Cutibacterium acnes (high G+C Gram-positive bacteria)
AMP_3675_496851,MVLGRRKVFCQSISCGGYGSISGVLTCQRMILQPVLGSGLRRPNVFLNSIIRRSWHQYKQIWALTHHNGSAT,8.73,-0.02,8086.4,2.91,34.47,66.1,7.2,39.62,Lactiplantibacillus plantarum (firmicutes)
AMP_340_496851,MFIFTCNPLTGYLFKFRIISSDISQSSKISKKSKLKRDFYKHKSMLSAPFGSTIAPPYQRFWAVMLF,8.57,-0.02,7833.22,2.95,34.32,65.82,7.2,39.61,Lactiplantibacillus plantarum (firmicutes)
AMP_12481_77258228,MTMRRKPRVTWVARLMVLARPRLRCMVFILPREGAHERGLMRGRTVSVR,10.58,-0.18,5848.14,2.99,28.57,70.14,4.8,39.41,Cutibacterium acnes (high G+C Gram-positive bacteria)
AMP_14801_77258228,MTLRTPAGRPASRNVLASSKVVNGVAEAGRITTVHPAARAGAILRVAIANGKFHGVMNRHGPTGRLVTN,8.76,-0.03,7124.19,2.91,34.04,66.09,7.05,39.38,Cutibacterium acnes (high G+C Gram-positive bacteria)
AMP_14649_77258228,MASSTVSMRVTHTATPASRNKVTSCSRFSSWLATTRSGRRSMIALRSGFLVPLTLTTSCPTISSRWVGRMQ,9.57,-0.07,7765.94,2.79,32.49,68.37,6.45,39.14,Cutibacterium acnes (high G+C Gram-positive bacteria)
AMP_6924_83699348,MLELFHNFPWSRNVFRKINIFHTFKQISKMTFFTFKILHKTIKAQYPNLLYFATIGIYYQNEGIYKIHLFKFK,8.84,-0.04,9055.66,2.82,33.71,66.22,6.9,38.7,Staphylococcus epidermidis (firmicutes)
AMP_15084_77258228,MPTWASSGTCGMTPASIRSRCPLISRATTRAKKYIPSTFGSAMRKSMASARSRIDAIFVAAPTTSKMRKSAL,11.48,-0.16,7713.03,2.64,29.46,72.12,5.1,38.59,Cutibacterium acnes (high G+C Gram-positive bacteria)
AMP_704_496851,MIKTCHFLNSKAASLGSLRTVRVSVNLLRVRVLHRLPGISANCRNVVGTDLSRSPRLKYWPFTNQAKDAC,9.64,-0.09,7838.14,2.76,32.0,68.04,6.15,38.5,Lactiplantibacillus plantarum (firmicutes)
AMP_3200_496851,MTNHTARMSRSRTKFCKVNKPLQLKVISLLLMKIIYFHIIARQPGSRGAISAEPALFS,8.66,0.07,6571.85,3.48,37.47,65.96,28.55,38.15,Lactiplantibacillus plantarum (firmicutes)
AMP_11851_77258228,MWNSRPPLIRQNPRSAHIRAVSTRTGAASRKRKVLSSVARAWFIIAWTISALMWY,9.58,-0.14,6367.42,2.83,30.04,68.22,5.4,38.0,Cutibacterium acnes (high G+C Gram-positive bacteria)
AMP_14802_77258228,MARSVPHAWLIVTGRVQPGLIGLGVRSMPHSVNSRRHISELGSSPRPVSNWTRAPRLAPIRAVLATPPQVVTKSVP,8.76,-0.05,8205.54,2.72,33.2,66.44,6.75,37.88,Cutibacterium acnes (high G+C Gram-positive bacteria)
AMP_3513_496851,MSITAIKSSHPVRMKKLMTINSKARLFKKRFNVSF,8.58,-0.2,4096.98,3.17,28.1,65.84,4.5,37.87,Lactiplantibacillus plantarum (firmicutes)
AMP_925_496851,MLKSNITRTLTGRTIFTRITRRPTKLRNMKNQLRMMVGLKSKLMVKRKKSVSKRCILKKMPGKTPMKTTIPMSI,21.48,-0.5,8634.73,2.32,20.0,87.56,0.0,37.83,Lactiplantibacillus plantarum (firmicutes)
AMP_12270_77258228,MTIISRALTRSSSTRSTGKSGCVVRRPCSSRIRTIAGSGRLTGCCRAGRTNGSVPPSSAQMVSVTSSSWLSVP,10.46,-0.13,7559.62,2.62,30.4,70.04,5.55,37.79,Cutibacterium acnes (high G+C Gram-positive bacteria)
AMP_3108_496851,MAKKNIVVVGAGFAGVYATKKLSKHFKKMQTSRLR,8.58,-0.19,3894.7,3.22,28.5,64.4,4.65,37.54,Lactiplantibacillus plantarum (firmicutes)
AMP_336_496851,MVAVHLAIGGLINHRVKNGRIANNRIAGNIARNNVNCRVNVTITQHRRTHKRIRVIA,10.84,-0.2,6401.46,2.71,27.88,70.45,4.5,37.23,Lactiplantibacillus plantarum (firmicutes)
AMP_12228_77258228,MTFARRSRSASASRAMARCIASGISTSLISTTDTSTPHGCVCTSMISRRSVLSSSRWARRVSRSARPRTLRNVV,12.56,-0.22,8061.2,2.47,27.2,74.18,4.2,37.1,Cutibacterium acnes (high G+C Gram-positive bacteria)
AMP_12510_77258228,MTLPCRSCRGLCRWSSLLPPSQPGGTRGLSVPRLLIHNVRSRRTKGSSRWHWVKRSPYLALRLSALVSCTC,12.62,-0.24,8004.41,2.48,26.72,74.17,3.9,36.91,Cutibacterium acnes (high G+C Gram-positive bacteria)
AMP_12420_77258228,MDMPWTSIRVSMTRLPSSSRSRASRVWAMLGLPRRASGRRKQKNGTVLASSLSMASIRASMCAVLCSSQ,10.48,-0.16,7558.85,2.57,29.37,70.09,5.1,36.9,Cutibacterium acnes (high G+C Gram-positive bacteria)
AMP_14877_77258228,MPANPLAWASWALREARRALKLPDALAASSLRRIRAPFPGPAISRTASVRRCNSYSGVSPTLVSAWMRATSSRL,9.49,-0.11,8050.28,2.59,31.22,67.96,5.85,36.87,Cutibacterium acnes (high G+C Gram-positive bacteria)
AMP_12223_77258228,MFTERYFKSRATLVCFAFARPRPMWVDPLASSIAALPPKIINYRGAQATRAMTHVPKWATANCVSRRTA,8.57,-0.07,7800.11,2.7,32.46,65.58,6.45,36.85,Cutibacterium acnes (high G+C Gram-positive bacteria)
AMP_206_496851,MRLTKGTKIHSKAATAPAKTPTPTKYEMPLANKITAAMAKLIVAPPRSGCTKISKIIANSITN,9.57,-0.15,6648.93,2.63,29.89,68.21,5.25,36.58,Lactiplantibacillus plantarum (firmicutes)
AMP_130_496851,MKRSCRNSRLCQLCHPGGCTRQVINSQAPGNALVQLLNKIQIVRKAHQINHLIIFAKVR,9.72,-0.16,6675.91,2.66,29.25,68.5,5.1,36.56,Lactiplantibacillus plantarum (firmicutes)
AMP_15376_77258228,MWFPSICAFRSRLSPRQLRTSTAPCVGLSANLFDVVVTYVRKLRWRPLPNRLRWQAARG,9.48,-0.15,6903.08,2.68,29.72,67.7,5.25,36.52,Cutibacterium acnes (high G+C Gram-positive bacteria)
AMP_3451_496851,MINSCQRKIIELVFTKNHPTTASLQLRRSFTNCIRGKGIFRINVVLRHDQAAIRLLRNLLQR,9.66,-0.15,7273.57,2.63,29.64,68.31,5.25,36.46,Lactiplantibacillus plantarum (firmicutes)
AMP_3752_496851,MRITTLNVPKKGSFILMKLIRSPRRVKMSQLHGMFPVKGFNKPS,9.58,-0.23,5071.2,2.83,27.05,68.15,4.05,36.37,Lactiplantibacillus plantarum (firmicutes)
AMP_11812_77258228,MMTSTGSYSATISAKRCTGRSAVCTVSTGKARIASRSLAATPIRAFPQSMASLTPHRDVSGRSAGFTARSVQC,8.56,-0.08,7555.58,2.62,32.22,65.83,6.3,36.36,Cutibacterium acnes (high G+C Gram-positive bacteria)
AMP_3743_496851,MHAIKVTLWLRFKRTRTVWLRISKASGSKKRIKLRPNLKLIPKRMTG,14.58,-0.45,5615.9,2.69,20.0,77.97,0.75,36.32,Lactiplantibacillus plantarum (firmicutes)
AMP_3922_496851,MSLIRAAALIRAIQRRRKSLLRRRRSRKAYRYDFITWSLATLNWMCLAPR,12.49,-0.33,6107.29,2.67,23.38,74.2,2.55,36.31,Lactiplantibacillus plantarum (firmicutes)
AMP_5866_496851,MVSVTIITGLMERCYWRNHVNKSLRIKRWIFHSVSAGLMKHGRCSGREKKRLLCLKNMGEKKAGKSILSI,12.73,-0.25,8086.7,2.44,26.1,74.3,3.75,36.27,Lactiplantibacillus plantarum (firmicutes)
AMP_10346_83697148,MVVVPKKVQTLAQHLNQLLVMSLMLLQHKHYQKATSLKLQKKYLQCAKQLLKQW,8.74,-0.14,6399.79,2.73,30.07,66.17,5.4,36.16,Staphylococcus epidermidis (firmicutes)
AMP_3804_496851,MKVGTLQKAVTIRLLRNSCMTNTTTVSSLNGTMTAPVIFQRSRYLRTGRMWKSSWACYPVRPIP,9.48,-0.15,7277.57,2.59,29.8,67.93,5.25,36.09,Lactiplantibacillus plantarum (firmicutes)
AMP_11690_77258228,MTPTVMDGSVPASRSSRASVIASSCRAVARVSRSRGGVARPRRHLSMAASRVTWYPSPMSLYSSSAV,8.58,-0.11,7098.08,2.59,31.19,65.99,5.85,35.72,Cutibacterium acnes (high G+C Gram-positive bacteria)
AMP_47_496851,MALNGRTIAILMTRVTKVPANVVTPSCRYCDADRCPVNLTAGRRNNHCWIPQAIRAMVSRRVPVSTPFWKSKGHWLRSF,10.63,-0.17,8981.5,2.4,29.06,70.3,4.95,35.65,Lactiplantibacillus plantarum (firmicutes)
AMP_11727_77258228,MQQHVGNRRLGGSAFGRGRSKLFSSSLVPSSSQLCCVVSSLRCLSSRRSLCKTPCRWATA,9.54,-0.17,6502.5,2.6,29.11,67.64,4.95,35.63,Cutibacterium acnes (high G+C Gram-positive bacteria)
AMP_11676_77258228,MLHGPCTSSGWSLPRLMRVGGNALRGLSGRRAPRKWWLCRTRLKPLICARTPWVSVSDLVTRSSFR,11.56,-0.24,7492.82,2.45,26.67,72.04,3.9,35.57,Cutibacterium acnes (high G+C Gram-positive bacteria)
AMP_15216_77258228,MASMNRPRPINQLISRGLRKAPVKKIRSMCTVAAATKRMAAQWWI,9.49,-0.24,5139.22,2.74,26.68,68.02,3.9,35.49,Cutibacterium acnes (high G+C Gram-positive bacteria)
AMP_3918_496851,MCQGLIGSVITEAQHIIGCRQRHARGSLQGRVKLSGKSRIIVGKAALPRRNCRGQPLKV,10.64,-0.23,6404.58,2.53,27.05,70.25,4.05,35.43,Lactiplantibacillus plantarum (firmicutes)
AMP_15010_77258228,MPRQMTRRKSIHSGAGPGHTRTISHATAEAAIMASMRVPRRMGCRLVRMPAVGPAMALAMT,8.75,-0.14,6571.85,2.6,30.24,66.07,5.4,35.36,Cutibacterium acnes (high G+C Gram-positive bacteria)
AMP_12235_77258228,MRGSAARRAKRSLPVRPVSRMSRATATACSLMASWASSRPTPARTQAIRTLVVVRKGR,13.49,-0.35,6323.42,2.47,22.81,75.95,2.25,35.33,Cutibacterium acnes (high G+C Gram-positive bacteria)
AMP_3588_496851,MIRNVSLGRRMQGRFNRHLNAVTLWWPLEFAVVRRLISLGNGSGKRRLLS,8.59,-0.17,5833.85,2.68,28.91,65.96,4.95,35.1,Lactiplantibacillus plantarum (firmicutes)
AMP_14929_77258228,MVILSWSHVVVAIVSVMVRARRLRCNQRGRSAAERRRAEGKRRF,9.58,-0.26,5165.1,2.71,25.93,68.03,3.6,34.88,Cutibacterium acnes (high G+C Gram-positive bacteria)
AMP_774_496851,MSQGPLPMVAATHRSIPVKRITLTLKYINQLRLRGYMLIRAHRLRRRSGKA,11.67,-0.32,5927.13,2.55,23.81,72.42,2.7,34.81,Lactiplantibacillus plantarum (firmicutes)
AMP_7755_83699348,MRPKLRRIQYKTLKIRIWMMNYQIAMISPVMKKRMM,9.49,-0.31,4585.82,2.85,24.01,67.8,2.85,34.65,Staphylococcus epidermidis (firmicutes)
AMP_14925_77258228,MPTKPTSADGMRRIMPSSIPRPARRIGTTRGLGRVRATPSVAVSGVVTVVGSMRTSRVPS,9.5,-0.19,6304.37,2.49,28.23,68.12,4.65,34.64,Cutibacterium acnes (high G+C Gram-positive bacteria)
AMP_3725_496851,MPIRRASLARCWHRMILPSKRWLIFQIFLKLRRTVSRLKKMPLKRRRLWSKQPDYRQLRMIPA,17.57,-0.52,7929.72,2.14,20.0,82.84,-0.3,34.4,Lactiplantibacillus plantarum (firmicutes)
AMP_3017_496851,MWLVPQPHRLQIVLKRGITTTRIRHKINTLSRRSLNCRRILF,9.66,-0.29,5123.16,2.68,24.83,68.36,3.15,34.24,Lactiplantibacillus plantarum (firmicutes)
AMP_15540_77258228,MRLSSVMTPCGGKGTTCSRMSRLCCTRSMIGISRWGPGLRRRLNFPSRSTRPIFCW,10.45,-0.26,6353.55,2.47,26.06,69.81,3.6,34.23,Cutibacterium acnes (high G+C Gram-positive bacteria)
AMP_15297_77258228,MSLVLRLMRRGLSAWRHLPSTGCVSTPLRSCRSFSSTRKRWRLTTRNSWVFLVRPTS,11.57,-0.3,6692.83,2.42,24.44,72.32,3.0,34.18,Cutibacterium acnes (high G+C Gram-positive bacteria)
AMP_3760_496851,MLYLLSTTWRVGRVVMHRTRNPANRLIPARRFKSCTLLIKAVETRYKK,10.57,-0.3,5745.89,2.56,24.5,70.11,3.0,34.13,Lactiplantibacillus plantarum (firmicutes)
AMP_3573_496851,MNLRSWSRLKRRATHKMTLKRQLFVVTVRAGERVPFRGLSLI,9.59,-0.29,5010.0,2.67,24.92,68.08,3.15,34.09,Lactiplantibacillus plantarum (firmicutes)
AMP_15499_77258228,MSLTTGGRACGATSTRSRSCSRASCNACSTLTMPTCSPLGPTRRTSGTRIRSLMRGSVLMGSSRMSVLLDRGA,9.45,-0.17,7573.73,2.37,29.15,67.61,4.95,34.08,Cutibacterium acnes (high G+C Gram-positive bacteria)
AMP_15247_77258228,MIRLGLRSNRAKATRCCSPPLRVCTGVCSCPGSPTRSKADAKEGLGSKGLGRAAMSRFSRTVALSSRA,11.45,-0.26,7097.27,2.31,25.89,71.86,3.6,34.0,Cutibacterium acnes (high G+C Gram-positive bacteria)
AMP_12521_77258228,MASQCRRSMRRVCSLRQMCGVVTRGASWITPPKLLDGSAPSSLSFTLPSAGSVTMRVDLKKVLPNSTRSTSRSSLP,9.47,-0.17,8197.53,2.32,29.11,67.94,4.95,33.89,Cutibacterium acnes (high G+C Gram-positive bacteria)
AMP_984_496851,MLMKKSQFGRKIIRKARIISYRVAFMFTFQVYNGSYVERRDGYRLIMSSGARLSEMKIS,9.5,-0.21,7017.3,2.44,27.58,67.78,4.35,33.78,Lactiplantibacillus plantarum (firmicutes)
AMP_12440_77258228,MSAPSFPTLTATSRRTPRLYTTGTAVASGLSRYRTVNRFLMRRCRRLCVTPSSRRRIALSGPIRVSRSRA,15.48,-0.4,7886.15,2.18,21.1,79.28,1.5,33.51,Cutibacterium acnes (high G+C Gram-positive bacteria)
AMP_15149_77258228,MRRRDWRSLCAGSLRPCSPRRLVRASLPSCRYALARLQLGAGQVVRGRGTRVPAGAGRRSLSAVPTG,13.47,-0.35,7245.43,2.22,22.88,75.68,2.25,33.37,Cutibacterium acnes (high G+C Gram-positive bacteria)
AMP_12384_77258228,MLLPSLHLTTLLVVSMPPRNSLRSWETRVKSSTYREPRVPRLPVTVVRDSARKSPNIQASKWSPSRLPILIALRLST,9.59,-0.19,8759.27,2.24,28.41,68.65,4.65,33.33,Cutibacterium acnes (high G+C Gram-positive bacteria)
AMP_11636_77258228,MTASVPHPALTIMTTRRGRSRLATKLARSWKGRNVPSLPCPAITSSVRDAVRL,8.58,-0.2,5785.78,2.48,27.87,65.92,4.5,33.22,Cutibacterium acnes (high G+C Gram-positive bacteria)
AMP_15503_77258228,MSMTRSPVVPAITGKVYSWPSRIRVAVGPPSGFLCGTLIIRPPAVCDRRPWHRKRGIRRGLARRLRGRD,13.57,-0.35,7792.21,2.18,22.78,75.96,2.25,33.11,Cutibacterium acnes (high G+C Gram-positive bacteria)
AMP_12056_77258228,MVRRIPQRNSTKAAVHATRISRNPAARPLRTIPCCWINACRVSGFSAPA,8.56,-0.22,5403.31,2.52,27.36,65.66,4.2,33.11,Cutibacterium acnes (high G+C Gram-positive bacteria)
AMP_563_496851,MLQFEKLQYSRLPQKKLAKISGGFNRGGYNFGKSVRHVVDAIGSVAGIRGILKSIR,8.58,-0.2,6191.22,2.44,28.12,65.82,4.5,33.07,Lactiplantibacillus plantarum (firmicutes)
AMP_15346_77258228,MGKDVVPPTRWMPAMSELAPLSREDSGSIVSIVRSMRGLHARATSAIGICRIVESRSTRRLRSRRRVNSIAATAL,8.59,-0.15,8246.57,2.31,29.68,65.93,5.25,33.05,Cutibacterium acnes (high G+C Gram-positive bacteria)
AMP_14915_77258228,MNNAVRVVSVRPVRRPCRQFHRRHVTPASSHQMTSPISGCSIMASPFAVVSNDSCPVARIRRAGPL,8.73,-0.17,7253.4,2.36,28.9,66.1,4.95,33.05,Cutibacterium acnes (high G+C Gram-positive bacteria)
AMP_7719_83699348,MLLYFYNKASLNFIYRNKSRKMKGIKSNYKNNWGNLYYYINLFFKKSIVLLYWINYAYKVFT,10.48,-0.26,7775.1,2.31,25.85,69.86,3.6,33.0,Staphylococcus epidermidis (firmicutes)
AMP_3511_496851,MYIGSKYMADKIIPKLIITRQAPTRKPGIANVLRFRIGESMVSCRWAYQARITSPKIKAPSTAGAPQP,9.49,-0.2,7545.92,2.3,27.85,67.82,4.5,32.99,Lactiplantibacillus plantarum (firmicutes)
AMP_3742_496851,MRSLLLEILRIFRRRQRIVLPVKRSRIPNTGFSFKRIIIKMKRPRHAQA,13.59,-0.32,5998.32,2.92,23.64,76.23,22.7,32.72,Lactiplantibacillus plantarum (firmicutes)
AMP_15254_77258228,MARSPWSKTSASRRARPVRTRPSALSSLRNTPRLVSFTSPTASALCTASRLPSTTLPSCCRALLAPSLPRR,12.47,-0.32,7666.86,2.14,23.91,73.98,2.7,32.62,Cutibacterium acnes (high G+C Gram-positive bacteria)
AMP_15512_77258228,MLRCLLTRIADQMCSTIASNMKIRKIHKKDSPGRIGLRIVRRKPA,9.56,-0.3,5177.31,2.5,24.5,67.9,3.0,32.61,Cutibacterium acnes (high G+C Gram-positive bacteria)
AMP_436_496851,MVDLISNIKTPSVNPELFDPIFGHINQVSLYRGVLGVNFRHRCSRRKGFIIKPLRLRITSHRPAMNMKPISKP,9.75,-0.22,8409.93,2.2,27.38,68.54,4.2,32.45,Lactiplantibacillus plantarum (firmicutes)
AMP_12508_77258228,MPVTTRAATASRARGVLCLRSRVARRSPTVTTRVVRRPPSG,9.49,-0.33,4448.2,2.54,23.56,67.76,2.55,32.32,Cutibacterium acnes (high G+C Gram-positive bacteria)
AMP_11944_77258228,MTRLMTWSCHRCAATARVNVVLPAPGVAQTSQSRGLVARYESSASRCQVRKRIGIRGP,8.56,-0.2,6342.36,2.37,27.88,65.56,4.5,32.31,Cutibacterium acnes (high G+C Gram-positive bacteria)
AMP_14901_77258228,MAGPQRKSVNKKKVVPIKTVHIGAVDYKDTALLRKFISERGKIRARRVTGLSVQDQRKVAIAIKNARELALLPYASTAR,13.58,-0.34,8797.34,2.03,23.22,75.98,2.4,32.27,Cutibacterium acnes (high G+C Gram-positive bacteria)
AMP_3814_496851,MARPSLFSNSAVFGSSKSFSSASTKRAVDLPSRSSKKKFTKPSNLAWSTCGCCNWLINSPVFSAKLPGIKSK,10.46,-0.25,7716.85,2.16,26.25,70.0,3.75,32.24,Lactiplantibacillus plantarum (firmicutes)
AMP_6894_83699348,MNSFVFAKTRHKIKRFYVARTFFWHVNFSNFFNQQLKRKFISFMP,8.67,-0.26,5693.66,2.5,25.9,65.63,3.6,32.2,Staphylococcus epidermidis (firmicutes)
AMP_89_496851,MIVICNKRRTGHLQTKNGRHGIRILNLGPIIWLGNCFKIRQFCQSRP,8.64,-0.26,5488.54,2.45,26.06,66.06,3.6,32.2,Lactiplantibacillus plantarum (firmicutes)
AMP_3704_496851,MLIKAGRLGRLLFVIRVPFRPSGVGERSRRFELAHNPRYLKCESYPKRAVFNLGGTA,8.58,-0.21,6502.63,2.35,27.51,65.72,4.35,32.08,Lactiplantibacillus plantarum (firmicutes)
AMP_9457_83697148,MTSQLSMKIFTKKLAIRMKEIKKRIYSYMRMTKKRNTLLI,10.49,-0.39,4924.13,2.53,21.26,69.82,1.65,31.96,Staphylococcus epidermidis (firmicutes)
AMP_14972_77258228,MWRARRRPAAIAVPTPAPSIPAPPTWRPVPLRVAASWAMRSRWPGAGCGMAPRCRSMT,9.48,-0.26,6365.55,2.28,26.01,67.72,3.6,31.86,Cutibacterium acnes (high G+C Gram-positive bacteria)
AMP_292_496851,MSLITSGALVTSAALVTQRVRHPFHLQFRHVALRPPPSQQLKYRPHHWKLRHLQFQALVHQYLVAKVTGHQC,9.18,-0.21,8367.73,2.18,27.66,67.33,4.35,31.85,Lactiplantibacillus plantarum (firmicutes)
AMP_194_496851,MSRIVSSIIERRPRAPVLRAKASCAMARKASSLKSNSAPSRAIRR,10.49,-0.37,4937.83,2.4,22.17,70.25,1.95,31.78,Lactiplantibacillus plantarum (firmicutes)
AMP_9436_83697148,MNSFVFAKTRHKIKRFYVARTFFWQVNFSNFFNQQLKRKFISFMP,8.58,-0.27,5684.65,2.46,25.67,65.49,3.45,31.77,Staphylococcus epidermidis (firmicutes)
AMP_7716_83699348,MILHIKHNQKQNKIVLNNSLKKKQQNVKFKQLKMNRQLKLILKKLMTLKMLKNILKSLKMIHQHHKKIINK,19.92,-0.66,8644.72,1.59,20.0,85.76,-2.4,31.59,Staphylococcus epidermidis (firmicutes)
AMP_3069_496851,MSIHRGLPVLVILVVCGGLLTLPATNAQALRVRGTRVTMRVKHRAKPSKHHYSKRSARSHNARHHH,13.18,-0.37,7416.69,2.11,21.95,74.83,1.95,31.57,Lactiplantibacillus plantarum (firmicutes)
AMP_3764_496851,MMRISSKTAIKIVKRSSDKICELPTKPIPIASQTIPSWSFFQILKSPNMTSGKKAYPKASPIATRVNINSK,10.48,-0.27,7863.29,2.09,25.49,70.46,3.45,31.54,Lactiplantibacillus plantarum (firmicutes)
AMP_12515_77258228,MTRKPVMPASAAVPLSRFARPMHKPMDSSRARFSKMTFPAALITWKMSWRMGLSRTG,9.58,-0.28,6467.73,2.24,25.3,68.29,3.3,31.47,Cutibacterium acnes (high G+C Gram-positive bacteria)
AMP_14741_77258228,MMATGNAMSITISRERNLCLPMSRTARRLMRRRWGRPRAIASPERRTALVGISGVVRADITTGHVSGCR,10.57,-0.28,7666.98,2.11,25.26,70.1,3.3,31.4,Cutibacterium acnes (high G+C Gram-positive bacteria)
AMP_15340_77258228,MVCKMSTPSATRRSAATLSGSSPSATRPRFTRSAALVSLTRELPIGDPPKRLRISAFLRTVSVTSRKSPLSRPS,11.49,-0.3,7943.16,2.03,24.36,72.39,3.0,31.33,Cutibacterium acnes (high G+C Gram-positive bacteria)
AMP_9094_83697148,MTKNKLQWNNNQKTIMLPKIHVRIHIQKAKIKMIKTNNSLKIINTHKQNINLILKTKIMIKIHQIKSNTHLIKLKPHL,17.01,-0.47,9288.3,1.85,20.0,81.77,0.45,31.33,Staphylococcus epidermidis (firmicutes)
AMP_508_496851,MGHSLTKRHRDGLGRCSCRRLVFSCRRLLGYTITSRRTGNLSTSIGSFSSRCRGIIAGS,10.63,-0.31,6503.48,2.19,24.03,70.16,2.85,31.28,Lactiplantibacillus plantarum (firmicutes)
AMP_3440_496851,MKLLRQLGTIRIFRHLLLNILICRHFNLNVTVRRCDRQEVPLHNSTLPRLVTYTNRRRFL,9.74,-0.13,7339.72,2.77,30.33,68.59,25.55,31.28,Lactiplantibacillus plantarum (firmicutes)
AMP_872_496851,MYAKKNSGINSKVLPLVNKVRKFKSTPVVMKKIGMKKP,10.49,-0.42,4289.31,2.51,20.17,69.83,1.2,31.21,Lactiplantibacillus plantarum (firmicutes)
AMP_6752_83699348,MRLLFYYVKYNNIIQQRLKPAIYYKRANLIRRKHHVSLI,8.67,-0.33,4934.9,2.48,23.6,65.82,2.55,31.01,Staphylococcus epidermidis (firmicutes)
AMP_121_496851,MGGVTFVAPWLRFDESVHGSHRRLFQLLPVSGSDHHQVRTVSVRRFLPGPSRYQGHLPVVLSTIHKPRHPLVKLRLGLR,9.11,-0.21,9021.44,2.07,27.51,67.14,4.35,30.92,Lactiplantibacillus plantarum (firmicutes)
AMP_269_496851,MLCVKVRLAQPVPRDCFELISRPRRVVLIRITLSRTIVSNIQVIEYRRDIVHRFGTRINQGHPRPHHILNKWPQ,9.83,-0.26,8844.41,2.04,26.01,68.88,3.6,30.77,Lactiplantibacillus plantarum (firmicutes)
AMP_11656_77258228,MRGRRFSGSRACCTAEYWYCRRLAKAYLLAARVGSPSGIGVLRSVASNQSRASR,9.47,-0.3,5954.82,2.22,24.63,67.63,3.0,30.67,Cutibacterium acnes (high G+C Gram-positive bacteria)
AMP_15124_77258228,MTRSPRRFLRFDSWRRARSQRVARPVLKMSATSRRLMLPALWLRCRHPAKIAAMS,13.58,-0.49,6580.87,2.02,20.0,76.09,0.15,30.54,Cutibacterium acnes (high G+C Gram-positive bacteria)
AMP_12071_77258228,MASSSERRSSRVVAFVIRHCTCASKRMPSPIGASRNPVERSSMVTPRRAMVAVTLWMMPGWSWPTR,8.57,-0.23,7435.7,2.12,26.99,66.11,4.05,30.51,Cutibacterium acnes (high G+C Gram-positive bacteria)
AMP_15056_77258228,MAKTALKVKAARKPKFGVRAYTRCQRCGRPHSVYRKFGLCRICLREMAHAGQLPGVTKSSW,13.63,-0.43,6907.23,2.05,20.0,76.06,1.05,30.45,Cutibacterium acnes (high G+C Gram-positive bacteria)
AMP_14818_77258228,MGCVVHRAAGRLGGRGAAVKNSRCRPQRHSCQPSDILDRRFVSHLSLLSSSSVRCRRVFPCPPYGNVSMSV,9.71,-0.26,7767.95,2.06,25.98,67.9,3.6,30.43,Cutibacterium acnes (high G+C Gram-positive bacteria)
AMP_3391_496851,MSTLSINPVEKRCCTCTCSGQSRCISKVGKPSLISHGPIVAPGAVTNAAVSIPARLNRREHATKKSKGNPVPRCG,9.61,-0.25,7829.11,2.02,26.23,68.09,3.75,30.37,Lactiplantibacillus plantarum (firmicutes)
AMP_874_496851,MWLRKLRWLKSNKAKPLRARKKIRPILNVTC,10.48,-0.62,3818.74,2.23,20.0,70.2,-1.8,30.29,Lactiplantibacillus plantarum (firmicutes)
AMP_3890_496851,MPGRTILVTYSKPASAKRALARSRSISSTLLVMRNSSTTSGNATKSLTKFSSK,9.49,-0.32,5647.49,2.17,23.91,68.21,2.7,30.21,Lactiplantibacillus plantarum (firmicutes)
AMP_837_496851,MSGLSGILRRLSSTQRRRYGRCWRMLSINYHKILCKMRFQLSFRQLIHGVYQKARMKR,14.65,-0.55,7117.51,1.81,20.0,77.84,-0.75,29.91,Lactiplantibacillus plantarum (firmicutes)
AMP_12458_77258228,MASSLGSTPEIAKKQVCRMVLVRLRRPTLRATDRASMVHKSRCLSRT,8.57,-0.31,5299.3,2.23,24.28,65.93,2.85,29.76,Cutibacterium acnes (high G+C Gram-positive bacteria)
AMP_6542_83699348,MRFICHNNHIFTFCKGSHGRFILFRFKFLHRCKYNTARLNR,8.82,-0.34,5132.04,2.34,22.96,65.88,2.4,29.74,Staphylococcus epidermidis (firmicutes)
AMP_11799_77258228,MRRIWSNSVRMSASCSTGVAGRRATDARAPIDRSSRASLIGAVAASRWKVTDCAPASTYCRAHRSGFSIMR,9.56,-0.27,7689.73,2.0,25.54,67.82,3.45,29.73,Cutibacterium acnes (high G+C Gram-positive bacteria)
AMP_467_496851,MTPRTATNKLGRQYFFSNFKSLSKPAMNIKIITPSSAKSFIKLVAETQPNTAGPSIIPLNNWPITAGRPIRTLR,9.5,-0.27,8201.53,1.96,25.64,68.08,3.45,29.65,Lactiplantibacillus plantarum (firmicutes)
AMP_6563_83699348,MLPQIHVRIHIQKAKIKMIKANNSLKIINTHKQNINLILKNKIMIKIHQIKSNTHLIKLKTYLQKEHKLNNHSL,14.1,-0.41,8787.6,1.86,20.48,77.02,1.35,29.65,Staphylococcus epidermidis (firmicutes)
AMP_583_496851,MFLFLSVKVTKHRDKCKGLRRFSESSYFKPVTPNRMFQVGPSVLHTQLSFSHYIRITSLKAN,8.75,-0.26,7261.46,2.08,25.85,66.11,3.6,29.64,Lactiplantibacillus plantarum (firmicutes)
AMP_15383_77258228,MAPSLLARPPSWPKPLPRPSGRRWSRLRPLVKECAEQFIVRSVGCVSPRLRIRSVLPR,10.48,-0.35,6657.94,2.05,22.75,70.04,2.25,29.54,Cutibacterium acnes (high G+C Gram-positive bacteria)
AMP_15511_77258228,MSTNHQWLKAVSTIPARPAASVGGLLSKSGLMVNCSRWRMRNRKMIQPPQNIVRAA,8.57,-0.28,6217.31,2.11,25.25,65.85,3.3,29.42,Cutibacterium acnes (high G+C Gram-positive bacteria)
AMP_882_496851,MRLVKLVVRQLPNCRQKWWLLTLMMWMQFPALLYRAVPSRPQSRTRYPRLNRPCQMINH,10.56,-0.36,7323.85,2.01,22.54,70.57,2.1,29.39,Lactiplantibacillus plantarum (firmicutes)
AMP_6207_496851,MITGKLTLRKSLPFKQLSGKKLPVRWPKRSIPLR,9.49,-0.47,3974.9,2.34,20.0,68.01,0.45,29.37,Lactiplantibacillus plantarum (firmicutes)
AMP_6645_83699348,MNPTKGRKTKTNNHAHIEFAVRLSMKIIMNAKTKFNKKALTNKILIIILD,8.67,-0.31,5749.91,2.16,24.22,65.98,2.85,29.28,Staphylococcus epidermidis (firmicutes)
AMP_3825_496851,MIERNPLRLKIRAHALGIRNSFGCQRRITRPLNLLQPIKKCFTMPHHI,8.74,-0.32,5689.85,2.17,23.77,66.24,2.7,29.22,Lactiplantibacillus plantarum (firmicutes)
AMP_800_496851,MIWARIQSFWVRTTSNSGRRSQLLIRRKYWGPCMMVLNFGALNKARSKT,9.49,-0.35,5817.85,2.14,22.64,67.96,2.25,29.18,Lactiplantibacillus plantarum (firmicutes)
AMP_9312_83697148,MIFTQFAHKIIANGCRYSLPNKREPFCLFGSCSFSYIFNHNFKQRLRYLTSNKLTSLNCRCRHNSFFHLITQ,8.8,-0.25,8611.93,1.98,26.3,66.01,3.75,29.18,Staphylococcus epidermidis (firmicutes)
AMP_6322_496851,MPTIPELSALKCVMQLIRKRQQSSTKRLQSSKLIVWRKLQLAVKQHQLMLQKLWHGLHQMPQGILPDSRFRLMVE,9.76,-0.29,8886.67,1.87,24.73,68.94,3.15,28.89,Lactiplantibacillus plantarum (firmicutes)
AMP_873_496851,MTAFAPYLAKNCCARCCLDWGRWRCNHGKRIRWRPISKLTVSPITAATKNTGTRI,9.53,-0.34,6295.41,2.04,23.23,67.86,2.4,28.81,Lactiplantibacillus plantarum (firmicutes)
AMP_3698_496851,MTKYLSLRSQLTLIILTSYSRLPEGLHAMVCQRPWKKPIRNINEPLRLAKHLSRMQVHVSKRLHKA,10.84,-0.35,7788.29,1.9,22.59,70.91,2.25,28.74,Lactiplantibacillus plantarum (firmicutes)
AMP_11697_77258228,MFTSWSTWSPPTLTATSVILMDPRSFIWTRFRHLYELRLRQCVPRSTLRRVMSSIWSVPPKRR,8.58,-0.28,7623.91,1.97,25.17,66.12,3.3,28.57,Cutibacterium acnes (high G+C Gram-positive bacteria)
AMP_15408_77258228,MARLIRTRDGKRPSHAQQLASLVLVRHANSKSAVSLTQIHAKRLLSTQNKSETPRPVLLGKSLCPRRYVLA,11.75,-0.37,7926.25,1.83,21.94,72.56,1.95,28.55,Cutibacterium acnes (high G+C Gram-positive bacteria)
AMP_9019_83699348,MNYFRYKQFNKDVITVAVGFKNMPQFYIKFGRKSIKKLITNGVLMRRTSK,10.49,-0.4,6007.15,2.06,20.86,69.88,1.5,28.47,Staphylococcus epidermidis (firmicutes)
AMP_37_496851,MKRPVPRHFRRLGIGCAYLHPLIIRRRLKQSRHGRVSWRAVP,11.75,-0.6,5072.08,1.84,20.0,72.58,-1.5,28.37,Lactiplantibacillus plantarum (firmicutes)
AMP_853_496851,MTNRLRLRVYGVQWKANYGVQLAGIKISKRNVPRMRTSPQLTIKIEKTPQKTVVRLLLV,11.5,-0.27,6862.22,2.47,25.45,72.15,23.45,28.36,Lactiplantibacillus plantarum (firmicutes)
AMP_14981_77258228,MRCCGRCMARTISKRASWLSHFLGQHRGCSLVQQRLHVVEPVCVAGYGAGDGNRTRVSSLGSWRSTIELRPQCLKT,8.71,-0.26,8460.78,1.89,26.02,65.81,3.6,28.36,Cutibacterium acnes (high G+C Gram-positive bacteria)
AMP_11886_77258228,MRVLRLSSRAGVPRAPRKYLLVTMVEALTLQKSGNSTPRCSKTTSPVRQFVCTTSRRSQVTSS,10.48,-0.36,6983.1,1.9,22.44,70.13,2.1,28.36,Cutibacterium acnes (high G+C Gram-positive bacteria)
AMP_12308_77258228,MVGQFPSLLGWLTQWPRTAARNRPHFRSSKRVNLLNRAVGQLPVVRVVVHFTGSMNSRPPR,9.67,-0.33,6978.09,1.93,23.3,68.41,2.55,28.29,Cutibacterium acnes (high G+C Gram-positive bacteria)
AMP_11878_77258228,MRVRLPLSRGSRAMTQLQRFHGIPGGSRKLAPGVLVPSRVSANHTRYLPGTMSATSAPKPA,9.67,-0.34,6523.59,1.92,23.18,68.17,2.4,28.09,Cutibacterium acnes (high G+C Gram-positive bacteria)
AMP_11708_77258228,MLRTDSSSIVTRKRIRLSMNVRWWANSSASSSASRWICMISAIRSKMASTRPGTSSSAGKS,9.49,-0.33,6694.65,1.91,23.35,68.14,2.55,28.08,Cutibacterium acnes (high G+C Gram-positive bacteria)
AMP_15308_77258228,MSTASRRFLSRPVGRLAGSRPWSSVGSPTIRCPRAVGTLLRLGYPGLSTPIVRRRDPSHSTWMSSASPARAPPVTTT,10.58,-0.33,8274.45,1.77,23.41,70.29,2.55,28.05,Cutibacterium acnes (high G+C Gram-positive bacteria)
AMP_12400_77258228,MRCHIGVARKILARSGSHGPASAGVRQIRKVGRGRS,8.66,-0.41,3826.47,2.27,20.51,65.89,1.35,28.02,Cutibacterium acnes (high G+C Gram-positive bacteria)
AMP_3190_496851,MLSPALPTARPKTSFLKLALITLSAPFKPCNNVTITHQNKDRLSFHSNLQRSPGLLSKHRLRTNYIIISKNNNI,9.75,-0.31,8352.7,1.82,24.17,68.35,2.85,28.01,Lactiplantibacillus plantarum (firmicutes)
AMP_15256_77258228,MVVLTVHRTKCKMSSRSDVYRRSGLSGATGSGPRKCTTRTRVGQACTRSCVVAAASTRWQWVTSSRLTRSPTKRAAASS,14.54,-0.46,8548.75,1.62,20.0,77.62,0.6,27.9,Cutibacterium acnes (high G+C Gram-positive bacteria)
AMP_14844_77258228,MGRWPAAGRKRRMAEAASGNFMRMTHGVKRPRLVIFELSIRRPTMMSTKASTRRAAINNAPTSAAARPKTLV,13.59,-0.46,7995.41,1.68,20.0,76.09,0.6,27.8,Cutibacterium acnes (high G+C Gram-positive bacteria)
AMP_3157_496851,MTKLSIAKAVVNSPKPQRKRVNARRPLANRRLILATNHAIRPHKI,11.67,-0.57,5136.14,1.78,20.0,72.53,-1.05,27.77,Lactiplantibacillus plantarum (firmicutes)
AMP_11923_77258228,MTARTPAITASGSDSFRRYPAAPARMASTTISRRAKVVRATTRTEGWRETIIRVAVRPSISGILRSIRTTSGNS,10.5,-0.35,8035.11,1.75,22.89,70.41,2.25,27.69,Cutibacterium acnes (high G+C Gram-positive bacteria)
AMP_3307_496851,MIAQRWSSRQKPSHHHVVIRSREQPRLKIIRTFFVHQIVLVPNWCTSFPQFIVHNTKLGRELQSQLVVTK,8.93,-0.3,8369.74,1.83,24.6,66.85,3.0,27.68,Lactiplantibacillus plantarum (firmicutes)
AMP_11665_77258228,MIAWEVKHVDQMASASTEGAKTSIVSPTRPPRKRPATMIPMGMTRASSSCSPLRITRRTSVRAWLRTRAAAGAA,9.58,-0.31,8009.29,1.78,23.98,68.13,2.85,27.51,Cutibacterium acnes (high G+C Gram-positive bacteria)
AMP_11792_77258228,MLRSGGHGRCKLARWKWPVRRCGRGLCINVQARLRATTFTSR,10.56,-0.52,4856.74,1.92,20.0,69.9,-0.3,27.5,Cutibacterium acnes (high G+C Gram-positive bacteria)
AMP_3557_496851,MVLKLRMKRRHPGHQVMLTKQRPKRLMVIRFMQRRLMQLERMTLRRLQ,13.67,-0.71,6127.63,1.45,20.0,76.58,-3.15,27.47,Lactiplantibacillus plantarum (firmicutes)
AMP_842_496851,MPVKMSLIKRQNPLRISWPPALRSGPPKSRFFHPVRLSPKLGPIIRRNVLD,9.59,-0.39,5899.09,1.95,21.41,68.34,1.65,27.41,Lactiplantibacillus plantarum (firmicutes)
AMP_7786_83699348,MRLFTVKWLPKSGDNRTTRRRQNIMKKCLSCHLRILIFNNTMLNV,8.56,-0.37,5448.54,2.05,22.09,65.81,1.95,27.38,Staphylococcus epidermidis (firmicutes)
AMP_14884_77258228,MHRSILPRAGGYQVNCDCSSWLLGFFVTGRRRRPKLGLGARIIPRAQTVTNRP,8.57,-0.33,5980.96,1.96,23.38,65.68,2.55,27.38,Cutibacterium acnes (high G+C Gram-positive bacteria)
AMP_768_496851,MVIWRLKLSAHYLRKRGIKLLQRNSTTMFNRIRH,8.67,-0.47,4238.09,2.15,20.0,66.11,0.45,27.29,Lactiplantibacillus plantarum (firmicutes)
AMP_5856_496851,MKRQPKSDKPTRAQRKALRQQARQARIAELKRLSQTQNPLQIQDKLILPIELIFSLVVVIIIMRWWLG,9.5,-0.33,8059.6,1.8,23.47,67.8,2.55,27.27,Lactiplantibacillus plantarum (firmicutes)
AMP_12034_77258228,MRRKGRTAVPRAATTTSVPTMRDPITGTVLTMIPAAVRPAMPRPTARTIPLLHAPGRRSTNQA,9.59,-0.35,6773.95,1.82,22.78,68.19,2.25,27.19,Cutibacterium acnes (high G+C Gram-positive bacteria)
AMP_6736_83699348,MRKLRRIMYFSFKTFKCLFFFTWRNRNRFNSNFSVKY,9.48,-0.51,4881.75,2.01,20.0,67.62,-0.15,27.17,Staphylococcus epidermidis (firmicutes)
AMP_7773_83699348,MTVRGNVYKYSKLLSPPIKKPINPLRKQKIPIKRMKL,10.49,-0.62,4378.43,1.77,20.0,70.13,-1.8,27.04,Staphylococcus epidermidis (firmicutes)
AMP_14811_77258228,MRSWRDAARASRVPVAPVPPRSVAIMIAAMTWSASALSRSSARPCRADRVSHRESRRATTRVSGSIRGSGA,10.58,-0.37,7633.67,1.72,22.13,70.3,1.95,27.0,Cutibacterium acnes (high G+C Gram-positive bacteria)
AMP_3794_496851,MRPVRQQHSRLGNVWFQSWARWVGHMMVVMPNTYYYRTSRFIRSKRIYRLPHWWQPLRPTTRLMAFLSLCSLKRRTGC,14.74,-0.53,9685.39,1.41,20.0,78.03,-0.45,26.76,Lactiplantibacillus plantarum (firmicutes)
AMP_6618_83699348,MRPPKINWNRPSKLEALPLPPVRSAIAIEKQSGAIEVTGHILIKKPISKTYNGRCNVKVNIKITTPNI,8.58,-0.31,7554.93,1.77,24.19,65.98,2.85,26.69,Staphylococcus epidermidis (firmicutes)
AMP_14723_77258228,MALRRARASSSQARRRARPICPWPARAASAATSGAMPSRRVSRSATASSRGVAR,12.49,-0.58,5723.52,1.53,20.0,73.78,-1.2,26.45,Cutibacterium acnes (high G+C Gram-positive bacteria)
AMP_14758_77258228,MRTGTVRTTKGLTRREHIGAITAAGISPIAPTRGERTKRDPKMPAMAMRKTTRGLIVVRKAGFSPGRSLGVGSGTR,13.59,-0.48,8088.44,1.49,20.0,75.9,0.3,26.39,Cutibacterium acnes (high G+C Gram-positive bacteria)
AMP_54_496851,MVFRSGPMTMRPLRVPRLPKPRQISSINAQIRTRSSTSWILKRLP,9.5,-0.45,5261.3,1.89,20.0,68.45,0.75,26.38,Lactiplantibacillus plantarum (firmicutes)
AMP_3559_496851,MLQLQRQHRLHLQARPLVQVLQRALLLAMRRLKRPQFRQVLRLK,10.67,-0.36,5451.66,2.51,22.51,70.81,22.1,26.35,Lactiplantibacillus plantarum (firmicutes)
AMP_3931_496851,MISSRINSCSRFSKRGISWFKHFCRPCRYCRTCRARRIYGGRRRC,13.52,-0.78,5519.51,1.28,20.0,75.72,-4.2,26.24,Lactiplantibacillus plantarum (firmicutes)
AMP_15008_77258228,MPRCLRTRCKKITIPSARCLASMWPRGSPSAPRRMFTPAASPTLPGSCGRQGFRK,11.46,-0.51,6076.23,1.64,20.0,71.91,-0.15,26.23,Cutibacterium acnes (high G+C Gram-positive bacteria)
AMP_14628_77258228,MNRSAPAGSLAVIPRGRHRQKRRYRQHRHLASNRFACLRVSIRVPLPKLAAGPSSTCARG,13.74,-0.62,6687.77,1.36,20.0,76.19,-1.8,26.2,Cutibacterium acnes (high G+C Gram-positive bacteria)
AMP_15204_77258228,MGPLDVAVLAERGRSRSLTVMYRCRARPVSIHNCVLRRSPGSRRRLP,8.57,-0.39,5347.29,1.92,21.52,65.68,1.65,26.2,Cutibacterium acnes (high G+C Gram-positive bacteria)
AMP_15194_77258228,MSLRSRLLVPSALSSRVRPFRSLLAPRPTLWPRTLRICADDRYRISSRRHPDAVVRGS,9.58,-0.39,6699.78,1.78,21.48,68.11,1.65,26.2,Cutibacterium acnes (high G+C Gram-positive bacteria)
AMP_14709_77258228,MSRWIVRRSGRAPSSGSKPRVDSSSLAAGVTSIPMSLSARRSSSCPTMRSTIRRMSGWVS,9.49,-0.38,6470.39,1.75,21.76,68.14,1.8,26.15,Cutibacterium acnes (high G+C Gram-positive bacteria)
AMP_15326_77258228,MLTSVTTTRPRLLRTSSRSTRRPRRSPCLITMTLTSPSRPSWSPALPQIPLRITLSRSAK,11.49,-0.47,6775.94,1.64,20.0,72.25,0.45,26.15,Cutibacterium acnes (high G+C Gram-positive bacteria)
AMP_12018_77258228,MTKRSGSKAAAKFAIPRPSQMPMSAMSSMARRSPSTAARVTSGPMRLPGLRSAT,9.5,-0.4,5665.65,1.81,21.0,68.14,1.5,26.14,Cutibacterium acnes (high G+C Gram-positive bacteria)
AMP_904_496851,MMKLQLMKGTNGKRWRGALMIKPTNAATAAMARQVNSVSAGMMKTSMSRTSTSPRPKVAVSRASKYNPTSKASTR,14.49,-0.55,8104.52,1.33,20.0,77.64,-0.75,26.1,Lactiplantibacillus plantarum (firmicutes)
AMP_12375_77258228,MLRPARVLMRERKPWLRARRRLLGWKVRFTGMFSLVSWGSPGGSTRAGPSGAPGWAQGK,11.5,-0.48,6622.77,1.62,20.0,72.13,0.3,26.01,Cutibacterium acnes (high G+C Gram-positive bacteria)
AMP_3727_496851,MCRIFWQPGQLVRWWLWSTGPLSRRWQLVPGSHYNRRYRKLRLMLAIMPW,8.57,-0.38,6328.52,1.85,21.7,65.94,1.8,25.91,Lactiplantibacillus plantarum (firmicutes)
AMP_15265_77258228,MRAIPSISHRNQLCGRRGLRTQVLRLRQRRALSIRTSSGQRPVCCELCC,9.54,-0.42,5637.66,1.86,20.14,67.9,1.2,25.9,Cutibacterium acnes (high G+C Gram-positive bacteria)
AMP_15476_77258228,MVLGPSPSPVGRTARIYPSGLRPHRSCHRSRRGTLVKVGGCGGAVRSRGFRY,10.65,-0.49,5607.48,1.68,20.0,70.14,0.15,25.76,Cutibacterium acnes (high G+C Gram-positive bacteria)
AMP_14672_77258228,MMVGRDRLVRSTSSAAVRAPSARSSRSTSSLRWPRPAGLSCEVIVSHSCPGLSRARSRRLMENRFESVFQKVVTY,9.58,-0.35,8369.55,1.62,22.73,68.03,2.25,25.73,Cutibacterium acnes (high G+C Gram-positive bacteria)
AMP_11810_77258228,MISPRVMLASASRRQPLTRTSGVLAASASGTSMTTRSSIPKRGTRCTRVCGQTTAARRPATKPANSWTAPEPILTR,11.48,-0.41,8070.27,1.56,20.54,72.23,1.35,25.65,Cutibacterium acnes (high G+C Gram-positive bacteria)
AMP_11888_77258228,MATDGTLFRMRSARLEARVDSMCVRRRRNTAIRWLIRRRSVSIRVSPGPRPPIPAPPAARPPV,11.5,-0.47,7176.45,1.57,20.0,72.13,0.45,25.6,Cutibacterium acnes (high G+C Gram-positive bacteria)
AMP_14605_77258228,MASTSSSLRTSANRLYISRRKRSVSTYSTGRLASTGSSIRISGSSAVVLSPRNSATASPTRRM,10.5,-0.42,6681.45,1.66,20.39,70.2,1.2,25.57,Cutibacterium acnes (high G+C Gram-positive bacteria)
AMP_15475_77258228,MSRSCARVRGRSVTRRAMTRLTNLSERCAAIGTLLPASQPTHLTGACPPRHPNCCLHCRS,8.71,-0.36,6560.64,1.73,22.46,66.01,2.1,25.55,Cutibacterium acnes (high G+C Gram-positive bacteria)
AMP_12333_77258228,MTSHASRPRPKLATPRCTSCTVSPKPSVRSPALERAPGFSSRTRLLMRRAASKLVVPP,10.57,-0.45,6299.39,1.65,20.0,70.2,0.75,25.37,Cutibacterium acnes (high G+C Gram-positive bacteria)
AMP_11973_77258228,MAGSMPRSSSALTATPRASNMMRLRTSRTTARRSMLLAAISSTRAPNIAGGRLSTTYQPRSSTA,9.5,-0.39,6772.72,1.64,21.44,68.14,1.65,25.23,Cutibacterium acnes (high G+C Gram-positive bacteria)
AMP_374_496851,MRACKFISAAKATAWKKSSTVSVSKPPSRGFVSSASKTKYDRPLRSTLT,9.48,-0.45,5321.14,1.74,20.0,68.04,0.75,25.2,Lactiplantibacillus plantarum (firmicutes)
AMP_2998_496851,MVRIPCWHVLQSLGIHSITSRYPKRLGRLTFARLPQFLGYQLYVRYFQRVHGRTARMAQSHPRNEQLLPS,9.84,-0.38,8334.68,1.59,21.55,68.62,1.8,25.1,Lactiplantibacillus plantarum (firmicutes)
AMP_784_496851,MTRFWIQRGNYYQVRLRQLRKPTTKGLRWFCVPAGHLLGRNII,8.57,-0.43,5245.19,1.86,20.0,65.86,1.05,25.07,Lactiplantibacillus plantarum (firmicutes)
AMP_11847_77258228,MRRRSRSPSSLTIPARLRLLRAATTSANRSSMRPMSRATPACTPSFLNTCAAPMPGLPIRLLSNTSSQSE,9.49,-0.38,7587.76,1.58,21.85,68.04,1.8,25.02,Cutibacterium acnes (high G+C Gram-positive bacteria)
AMP_14748_77258228,MKRAPRAPGRANLPLLPLGPGGVQSGAAARGTKFHFNRRPARGTTRGNAARIIIGCNNA,10.58,-0.47,6133.05,1.56,20.0,70.05,0.45,24.79,Cutibacterium acnes (high G+C Gram-positive bacteria)
AMP_14663_77258228,MTVRPASASSPMTCQKWRRASTSRPVVGSSRISTSGLGSIARAKRSRCR,10.48,-0.55,5280.07,1.5,20.0,69.89,-0.75,24.71,Cutibacterium acnes (high G+C Gram-positive bacteria)
AMP_3385_496851,MRYPSHATSYFLVRRAKSRKLKRSARCRDSVYWNARASVRLVTLRTTAT,11.57,-0.64,5788.68,1.31,20.0,72.13,-2.1,24.58,Lactiplantibacillus plantarum (firmicutes)
AMP_6733_83699348,MGKQCFVTGRKASTGNHRSHALNANKRRWNANLQKVRILVDGKPKKVWVSARALKSGKVTRV,14.66,-0.72,6955.1,1.01,20.0,77.96,-3.3,24.57,Staphylococcus epidermidis (firmicutes)
AMP_11843_77258228,MKGRVLKISRWAMTQVDLKTPWQARRAAKKLLVKPVSQPSDRLGRQNARGKGICHGREANALAAAI,11.58,-0.5,7305.57,1.4,20.0,72.2,0.0,24.55,Cutibacterium acnes (high G+C Gram-positive bacteria)
AMP_3269_496851,MQANHAGKYIIYNRFRHRRRDGRCRYSLCRRPIRYATSCCGRCGCRIHRNIVHRPPCQLVQLAFSYQCI,13.76,-0.61,8300.69,1.15,20.0,76.04,-1.65,24.5,Lactiplantibacillus plantarum (firmicutes)
AMP_15541_77258228,MRARAISTRLRSPSLRVPHIRSPIPPSPIRSSRASARARSCSS,9.58,-0.56,4726.46,1.54,20.0,68.08,-0.9,24.4,Cutibacterium acnes (high G+C Gram-positive bacteria)
AMP_12145_77258228,MADAGSPALITCTPKAAIIAPLSVHRPGRGRRNSTPASAIRSASRVRRREFAATPPPMRK,9.58,-0.42,6378.39,1.6,20.3,68.02,1.2,24.29,Cutibacterium acnes (high G+C Gram-positive bacteria)
AMP_15199_77258228,MAPRPLIATRSCQFPSSHLPGARTWAMGSSSTSTCRSRSPLTISKDSSPALPWAARTVPPWPLPRRRVLARSAP,9.57,-0.38,8024.22,1.5,21.57,68.05,1.8,24.29,Cutibacterium acnes (high G+C Gram-positive bacteria)
AMP_3384_496851,MGHVNRRLISRCQPRFTSSETSLGTIIPLHRRPRVIARLGLNDRKRIVMTVPTTN,8.67,-0.4,6323.4,1.65,20.94,66.16,1.5,24.27,Lactiplantibacillus plantarum (firmicutes)
AMP_3708_496851,MQRLRRNRVWTFERPRSRRSGRHHLYLRIRLSFASILQSFVVKWRWCRHRPETMIIRPILTH,13.84,-0.69,7895.28,1.04,20.0,76.67,-2.85,24.26,Lactiplantibacillus plantarum (firmicutes)
AMP_11703_77258228,MHLVTVVAGRRLSRLLCAHVSSTVHAGQAQVPRRHVRSERRSIRPPAHRYSVGRSKASGLPRGGTGSRPRGAHS,14.01,-0.61,8024.12,1.08,20.0,76.78,-1.65,24.2,Cutibacterium acnes (high G+C Gram-positive bacteria)
AMP_15153_77258228,MMRRRSSSLLQALVMKPASSRRRNRGVRVPLSRCNRVPMSLTPTGPSACHNTSMARYWG,11.57,-0.57,6673.82,1.28,20.0,72.28,-1.05,24.06,Cutibacterium acnes (high G+C Gram-positive bacteria)
AMP_11771_77258228,MSPASYRTAPPRVGSLHYTDHTVAVQIRCGKARPKSQWWWVLILGRPTTLISRGSRRAHRGSMLAGRAPSPKGA,11.75,-0.49,8149.38,1.32,20.0,72.56,0.15,24.04,Cutibacterium acnes (high G+C Gram-positive bacteria)
AMP_9319_83697148,MIKLPSNKQKKLKAKLHNQLQMYLVHKHIKTLPKFNLNKIHKVLHMMHH,11.1,-0.64,5960.3,1.26,20.0,71.44,-2.1,23.99,Staphylococcus epidermidis (firmicutes)
AMP_12117_77258228,MTVRLAASRVVSDYPQRLPHLFMAKLVSKIPTAIHATRTRFSRAPTSTSLHGGEGKKRWTMTMRRTSTP,10.76,-0.46,7781.04,1.43,20.0,70.54,0.6,23.99,Cutibacterium acnes (high G+C Gram-positive bacteria)
AMP_930_496851,MMQERYHSMNQNMIVHSTRKIYGGIGNRRIILKKNLFLHKLKFKTWFWSRRLCG,10.75,-0.56,6667.93,1.36,20.0,70.49,-0.9,23.98,Lactiplantibacillus plantarum (firmicutes)
AMP_14779_77258228,MLQRKPRRVVLPAASAPLKPGRRAEKKSPTSSAVNRRRTSAKKQVVAAASNSPLMRAAQQL,13.5,-0.69,6619.74,1.03,20.0,75.98,-2.85,23.97,Cutibacterium acnes (high G+C Gram-positive bacteria)
AMP_6774_83699348,MKFHQIKSNNLYQQMMRIKIKRILLQKINKKKQMI,9.58,-0.71,4416.48,1.37,20.0,68.02,-3.15,23.97,Staphylococcus epidermidis (firmicutes)
AMP_5867_496851,MKEHRYIWEQHLRNSANIFRSLFKKLKINIRRIIFLFLHGMNGAKEDISNQIRLINMDISKICIRHSKQMMH,8.93,-0.38,8806.42,1.48,21.78,66.78,1.8,23.83,Lactiplantibacillus plantarum (firmicutes)
AMP_183_496851,MRKFPWNHRSIVDNCANIHKTQCRVCLLSPQNFKSRSLHLSHYRQQLIVRIRRFVMLVKES,9.82,-0.44,7420.71,1.52,20.0,68.44,0.9,23.79,Lactiplantibacillus plantarum (firmicutes)
AMP_14906_77258228,MRSARSSIRRLSASRRSRLVRRPCRTPRPCPARLPRSRSTSITPSTPSDALTTGEAQIPTAWASVCVGMPLGR,12.47,-0.55,7989.21,1.18,20.0,73.93,-0.75,23.76,Cutibacterium acnes (high G+C Gram-positive bacteria)
AMP_12208_77258228,MPVARAAAPRSIMVITPPTNGSSAITVRIGKDMSAPPALRPSGPGRRRVRRPPRRRPS,11.5,-0.59,6225.3,1.23,20.0,72.07,-1.35,23.73,Cutibacterium acnes (high G+C Gram-positive bacteria)
AMP_3683_496851,MTINKPNWGQVIVRWTRHMGCNKVRNRPAISNPQPVTVNAPYFGKMVRGIKVFVATPMADKPPQNKMTGEIARLFK,10.57,-0.43,8635.18,1.41,20.08,70.3,1.05,23.68,Lactiplantibacillus plantarum (firmicutes)
AMP_3051_496851,MHVRLCTGRRIRINVLTRLSQVTIQTMDTNTRNLRREVRIPWRLCIRINMVDRPSTKCH,9.65,-0.45,7129.43,1.5,20.0,68.31,0.75,23.66,Lactiplantibacillus plantarum (firmicutes)
AMP_11970_77258228,MRMQRSSKSTFVARQRASSRSRMSVARGVSTSVAKASKTSCG,9.49,-0.6,4523.17,1.42,20.0,67.66,-1.5,23.64,Cutibacterium acnes (high G+C Gram-positive bacteria)
AMP_3145_496851,MWKPPPTHVFHTKITMTLLMTRQGRGKAHFKIISKDAWKRLTKPRQHFSIPITC,9.83,-0.51,6398.65,1.43,20.0,68.58,-0.15,23.57,Lactiplantibacillus plantarum (firmicutes)
AMP_14771_77258228,MAEVHSPSKALKPMARTAPTTAIPNARSTIRRPSPGASGLGMSKANSRSLERPWKKAISPRAIPIAAAMKPTW,10.59,-0.45,7761.05,1.37,20.0,70.57,0.75,23.53,Cutibacterium acnes (high G+C Gram-positive bacteria)
AMP_15450_77258228,MSSAPPWLRNHRVVCMARSVNASRILAVRTASNPRWVRSVSTRPSPNTERAASWHRMTWAMSAPVCRCNR,10.65,-0.47,7976.17,1.35,20.0,70.47,0.45,23.46,Cutibacterium acnes (high G+C Gram-positive bacteria)
AMP_14778_77258228,MRHKLPQNAMAPSQSRLFGRTRRHCARLRLAQTTAHPLHYGGPRGIGAVGSAAALQAVGQGFESPMLHVR,8.93,-0.39,7582.71,1.47,21.4,66.41,1.65,23.42,Cutibacterium acnes (high G+C Gram-positive bacteria)
AMP_306_496851,MKGRFTKVMQTRRITPNFLGNRCIRLQYGRSSLRRRTIVKINHYYAFSFQESVHCTYFR,11.65,-0.61,7234.39,1.16,20.0,72.16,-1.65,23.35,Lactiplantibacillus plantarum (firmicutes)
AMP_11890_77258228,MRSSRRYHMSCLRAKRRVPMMVLRRASSSS,8.58,-0.73,3597.3,1.37,20.0,65.79,-3.45,23.32,Cutibacterium acnes (high G+C Gram-positive bacteria)
AMP_12343_77258228,MNLSELKNTVPMKKVTGLRKLLPANGVVAQDPYHGQVVTTLTSLSYPLRTGPTTLKTSRYSRRPVHITGAGHRSSWL,8.76,-0.38,8485.76,1.41,21.86,66.26,1.8,23.23,Cutibacterium acnes (high G+C Gram-positive bacteria)
AMP_14727_77258228,MRQRRASRSSSLRCAQMTAWARRAIVPPIGCATCQGHSSKQRSGSSRPALVKVIHPRDTPVTSRLSK,12.64,-0.61,7372.5,1.05,20.0,74.29,-1.65,23.21,Cutibacterium acnes (high G+C Gram-positive bacteria)
AMP_14796_77258228,MHNAAKGPPPPIGVRRRARRPAGKVAMGRVKTVSIHP,8.67,-0.61,3967.73,1.42,20.0,65.95,-1.65,23.1,Cutibacterium acnes (high G+C Gram-positive bacteria)
AMP_15486_77258228,MRQAKIPFTTSRPNKTRLAARAAFKLNFAKPISPKMPPR,9.5,-0.67,4439.31,1.26,20.0,67.92,-2.55,22.99,Cutibacterium acnes (high G+C Gram-positive bacteria)
AMP_7950_83699348,MSIKKIPRVNMTAGFSTIKVISNKNNPKNKKKIR,9.49,-0.76,3885.69,1.2,20.0,67.78,-3.9,22.99,Staphylococcus epidermidis (firmicutes)
AMP_123_496851,MGPRAKSKLNNTERLLNSFVSGLFKYLGSLGDFLRIRPEKAITRPLASLIGNKTRSTKRSRKSPA,11.5,-0.57,7246.41,1.12,20.0,72.17,-1.05,22.87,Lactiplantibacillus plantarum (firmicutes)
AMP_3932_496851,MGATVKEGRTICSTATRSSCLTRHLLGASLTGWPFWRRTRCTSSRLWTSRCRYRS,9.55,-0.5,6310.23,1.37,20.0,67.78,0.0,22.84,Lactiplantibacillus plantarum (firmicutes)
AMP_298_496851,MRITRRSTVEKQSQSTVSRKRQRLIAVTTGYHALTKRRNAITIAAA,9.59,-0.59,5227.02,1.29,20.0,68.03,-1.35,22.83,Lactiplantibacillus plantarum (firmicutes)
AMP_12201_77258228,MTGLQRRRSRYVSNTHPKRFSASARALRISSRTSARSPLMRISSGVPM,10.59,-0.66,5419.25,1.13,20.0,70.37,-2.4,22.83,Cutibacterium acnes (high G+C Gram-positive bacteria)
AMP_3118_496851,MCERDFNGRLPGPATGRPRRPLSINASTASCNIRFSFCTIIPGAFKSNKRFNRLLRLITRRYKSFKSEVAKRPPSN,13.47,-0.62,8673.02,0.92,20.0,75.75,-1.8,22.72,Lactiplantibacillus plantarum (firmicutes)
AMP_14621_77258228,MSAYLRSKRLAMATTDQRARAKKPTNNSTKMATSHHGVTSVIASTIASAVSPNNTNIVVIRRRAATAHERLRSQRA,11.76,-0.53,8288.4,1.1,20.0,72.62,-0.45,22.66,Cutibacterium acnes (high G+C Gram-positive bacteria)
AMP_348_496851,MKMRLSSQQRQLVGIYGLHVKVMTRKFRVRIQWLPVHRGMNHQSRLQRGRLNRLESSLQRF,12.76,-0.69,7443.77,0.9,20.0,74.81,-2.85,22.65,Lactiplantibacillus plantarum (firmicutes)
AMP_12247_77258228,MTASRLAWSSRLASDRNWLPRLLVKTKMVLRKSTVRPWPSVRRPSSSTCNKMLKTSE,10.49,-0.58,6602.74,1.15,20.0,70.52,-1.2,22.61,Cutibacterium acnes (high G+C Gram-positive bacteria)
AMP_15330_77258228,MRRVRAAAASSEERMIAMTSSMSTMANSRPSTRCSLSWALLSWNFVRRRVTSRRWSR,9.5,-0.51,6637.63,1.31,20.0,68.09,-0.15,22.59,Cutibacterium acnes (high G+C Gram-positive bacteria)
AMP_15533_77258228,MPKTAQNSRKASSRLVRIPPLMMMRRCHTGLSLKSRP,8.57,-0.64,4237.13,1.31,20.0,66.04,-2.1,22.56,Cutibacterium acnes (high G+C Gram-positive bacteria)
AMP_12425_77258228,MFTDPNARPARVTATKIAARIVKRTGNGSPRRPCVCRLRTSR,9.48,-0.64,4682.47,1.23,20.0,67.64,-2.1,22.55,Cutibacterium acnes (high G+C Gram-positive bacteria)
AMP_12470_77258228,MNPRRVGEKLPRPRGWTPCWAAYTAAVTKNKHRKEILKKAPAVGIHLAFARDKIAANTVSQMKASLNR,11.66,-0.58,7622.91,1.05,20.0,72.32,-1.2,22.46,Cutibacterium acnes (high G+C Gram-positive bacteria)
AMP_11735_77258228,MRRGHAGCSRSSPLGMILSPSSRGTTHRLPGHCSRRQDSPCRRARCGMPLIQTSLVQRIAALSRG,10.72,-0.54,7070.18,1.16,20.0,70.34,-0.6,22.43,Cutibacterium acnes (high G+C Gram-positive bacteria)
AMP_12222_77258228,MPSPRLRSSSRTFQTSVWFGQIAVSRRRCRRVDLYLLGDGAQHRKCVIKMLTTSKNVSDVSYYAK,9.56,-0.46,7509.64,1.33,20.0,67.73,0.6,22.36,Cutibacterium acnes (high G+C Gram-positive bacteria)
AMP_11864_77258228,MTVTNNGRHISRRERLITWVPIRAVYTTMSKAAHPRIRPKRGGDNTRAITRVKMTRPANSTWMPTCIPTSIATARPR,13.66,-0.65,8783.2,0.83,20.0,76.33,-2.25,22.35,Cutibacterium acnes (high G+C Gram-positive bacteria)
AMP_12446_77258228,MMAPMNPAPVTPATAPATKPGAMPGRSARPKPIYPARAGSKKPKAACPTAKRTAPM,9.48,-0.52,5697.82,1.27,20.0,67.86,-0.3,22.29,Cutibacterium acnes (high G+C Gram-positive bacteria)
AMP_14867_77258228,MPMKFSRRCWPMCNGALRWSSQHVAVRSQPRHLGSRKNPRAPAWRACGVPAALG,9.64,-0.55,6072.1,1.24,20.0,67.86,-0.75,22.24,Cutibacterium acnes (high G+C Gram-positive bacteria)
AMP_15029_77258228,MMRLVRSAMRDSRPACTHRSDLVSRAEVASSRTRIGASLSRALAIEMRCFWPPESLIPRSPTRVSYCWENRLMKRSA,8.57,-0.4,8853.27,1.31,21.14,66.14,1.5,22.15,Cutibacterium acnes (high G+C Gram-positive bacteria)
AMP_6553_83699348,MNVNVLLKRSQNEEKPLRFVIQNRKRKSSMMKLSSLKPLKQDLLNCYNHQKKEKYIRHLLKLKQRLIILCHNLWLRKR,16.74,-0.79,9623.56,0.54,20.0,81.5,-4.35,22.15,Staphylococcus epidermidis (firmicutes)
AMP_15484_77258228,MICPDVCHRPVRSSKTKCSTFPSCPGNGLSHSSRIRQPRSTAAAMTPAMACKRRAGSVTTPWAPKALRPTSN,10.62,-0.51,7710.91,1.14,20.0,70.32,-0.15,22.13,Cutibacterium acnes (high G+C Gram-positive bacteria)
AMP_15208_77258228,MARRWDRSHRLGLALGIQFPGLAFFLVSKGQNSPAKSPSSRRALMPDRKRAATAPSMSR,9.59,-0.52,6538.56,1.23,20.0,68.15,-0.3,22.11,Cutibacterium acnes (high G+C Gram-positive bacteria)
AMP_3291_496851,MASRPLTSGRPTKIFRSKRPGRSKAGSSTSERFVAAMTMTPSLPVKPSISTNNWFRVCSRSS,10.49,-0.57,6788.78,1.07,20.0,70.47,-1.05,21.98,Lactiplantibacillus plantarum (firmicutes)
AMP_906_496851,MANRLRKAPPKLYRKVDKVPPRRAVKIKRSHVRVITSVNDNV,10.58,-0.77,4907.84,0.94,20.0,70.15,-4.05,21.97,Lactiplantibacillus plantarum (firmicutes)
AMP_15434_77258228,MRAQSRSILVAMMWVNSRHAQRAWIGVRVWPGNHSSATRMSRLRSVSLWVNRPRAGRPDSMNRPRTCQSWLNSRV,12.67,-0.62,8758.06,0.86,20.0,74.67,-1.8,21.96,Cutibacterium acnes (high G+C Gram-positive bacteria)
AMP_11776_77258228,MMLASTLRRPRCGMPMQTSLRPSSAARLHRAASKTMADSPPSRLKRF,8.58,-0.54,5258.23,1.29,20.0,65.91,-0.6,21.88,Cutibacterium acnes (high G+C Gram-positive bacteria)
AMP_11741_77258228,MRRPRRTLRLPRLTSPRTRPSQLSESWPRILGSPMRITAGLPDSVRPRLGRAAQCRSWTTSGSSVTGSLCRL,12.48,-0.64,8086.34,0.83,20.0,74.16,-2.1,21.69,Cutibacterium acnes (high G+C Gram-positive bacteria)
AMP_12092_77258228,MPKRSTRRRSSASACSIPLTKPCLTAPLRHPVRTVQCPSATSARWSRSCTGRPLRPPSTR,12.55,-0.73,6616.68,0.77,20.0,74.01,-3.45,21.65,Cutibacterium acnes (high G+C Gram-positive bacteria)
AMP_15236_77258228,MPPLTRYLSLTPRSSSLTTPMTTPTVTKVVCWRSSGPKCVWAPDQHPTCRRKRTSSSSLLAGVLPNRW,8.55,-0.42,7583.78,1.32,20.28,65.74,1.2,21.61,Cutibacterium acnes (high G+C Gram-positive bacteria)
AMP_3567_496851,MEWRDNYWKPKSIILGSRPQWKLLGVSGNQLFCAICVLRRCGRANWNARFHKSRRKC,10.55,-0.63,6836.0,0.97,20.0,70.05,-1.95,21.46,Lactiplantibacillus plantarum (firmicutes)
AMP_11887_77258228,MESSSRSGPKIANPISSLGISATPRARRPSSTRCPSKARSASVTGRPLHALRTPRITLSREKGSSMPLRL,11.58,-0.61,7469.56,0.88,20.0,72.53,-1.65,21.44,Cutibacterium acnes (high G+C Gram-positive bacteria)
AMP_14816_77258228,MAHKREHIADATPLNVTIPLVTKRVRTVGLTGLEPVTSALSGRRSNRLSYRPKPRPASRPRVKTLLDHAPKNQIGI,10.76,-0.53,8412.75,1.01,20.0,70.69,-0.45,21.43,Cutibacterium acnes (high G+C Gram-positive bacteria)
AMP_6773_83699348,MIKLPSNKQKKLKAKLHNQLQMYLVHKHIKTLPKFNLNKTHKVLHMMHH,11.1,-0.74,5948.25,0.83,20.0,71.37,-3.6,21.4,Staphylococcus epidermidis (firmicutes)
AMP_6246_496851,MAWRNTGRGQSLLRGNRLIRPKKIGSRSAKKSGWSFRVTTYFQI,10.5,-0.77,5110.91,0.84,20.0,70.13,-4.05,21.27,Lactiplantibacillus plantarum (firmicutes)
AMP_11628_77258228,MPNVASVPAMKAGKLRPRSGNSHSMEYPETCREKVANSVRIVARLASVRSTRRWVNGTAKSPRRRVVT,11.58,-0.63,7562.71,0.85,20.0,72.32,-1.95,21.26,Cutibacterium acnes (high G+C Gram-positive bacteria)
AMP_11956_77258228,MCRGKNCPRHHASCSFTARESVWSVPSPAIPNMASSMGSFLALKRHIWKKPTRKQPRRKMPHCVGS,11.81,-0.65,7460.75,0.82,20.0,72.67,-2.25,21.24,Cutibacterium acnes (high G+C Gram-positive bacteria)
AMP_14958_77258228,MPLRLRWAKSSSTLVGSNKGRCRPQDHTWGRHVSVHAVATSCTLTARRSECSTRRGARHRLPVAWALTS,10.82,-0.57,7709.77,0.96,20.0,70.44,-1.05,21.2,Cutibacterium acnes (high G+C Gram-positive bacteria)
AMP_12507_77258228,MAKGSVFGRRTSASNRLPSERPSRRTGWVPQLCLRCLRRSHVVT,8.57,-0.6,5010.79,1.14,20.0,65.76,-1.5,21.15,Cutibacterium acnes (high G+C Gram-positive bacteria)
AMP_12393_77258228,MMGRTLPVCFPASPHRHTYRRQLCLLVPTHDDSRRRTLIGVPSFHCVGRHLNVSRRNGRPIGNVPAST,8.91,-0.46,7699.88,1.22,20.0,66.25,0.6,21.13,Cutibacterium acnes (high G+C Gram-positive bacteria)
AMP_3803_496851,MLGRRPWLRNGLRRRLKHWGWGALTWYTGPVIKRRLNVNG,9.58,-0.75,4842.69,0.92,20.0,68.0,-3.75,21.1,Lactiplantibacillus plantarum (firmicutes)
AMP_12017_77258228,MDATMMGSRAAMWLHARITPPSVGMFSLPTTRGCHKARTPGPKSAYLKNSYHMGPPRRPSLAAPRVP,8.75,-0.45,7303.55,1.23,20.0,65.98,0.75,21.06,Cutibacterium acnes (high G+C Gram-positive bacteria)
AMP_15365_77258228,MARLRYVPGRAWVRSSGPRRQCLRRNAKRPKGFSPPLPLASPLPY,10.49,-0.76,5161.08,0.82,20.0,69.85,-3.9,21.0,Cutibacterium acnes (high G+C Gram-positive bacteria)
AMP_11819_77258228,MTTWARPEASRRSMKATPPWSRRCPTHPARVTSLPMSLARRVPASWVRSTFHPSVVAGHA,8.75,-0.5,6722.73,1.17,20.0,66.24,0.0,21.0,Cutibacterium acnes (high G+C Gram-positive bacteria)
AMP_15242_77258228,MSSNSSMRLLKRSRKNPQIVTTTSTLGRSSSLLGMISQCGEFGRRGVKDRTPKRLRIWA,10.49,-0.63,6638.69,0.9,20.0,69.94,-1.95,20.93,Cutibacterium acnes (high G+C Gram-positive bacteria)
AMP_15093_77258228,MNTKPATCLRSTACPYFEASSRRLQSRRPRLQRSSVPPSSPSRRRSKWVAVARLAV,11.48,-0.73,6358.31,0.73,20.0,71.97,-3.45,20.8,Cutibacterium acnes (high G+C Gram-positive bacteria)
AMP_3829_496851,MTPTVKHESAKLKIGKLIKSSWNISTTYPIRNRSMKFPKVPAIISEIPTSYSHLPRKRHSK,10.76,-0.65,7017.23,0.83,20.0,70.76,-2.25,20.77,Lactiplantibacillus plantarum (firmicutes)
AMP_11649_77258228,MVSRRCLSSSRVRDHRPAAANTCWASPLVRGPLAGQAQVRMFSMESVRRDAKVDKKRSRCSSAWASA,9.56,-0.53,7434.5,1.04,20.0,67.83,-0.45,20.77,Cutibacterium acnes (high G+C Gram-positive bacteria)
AMP_11914_77258228,MRVPTMSEGTRSGVNWTRAKLPPKTVAKERTARVLATPGTPSRRMWPLASTPTMSCSTMRSWPTMTRCTCPMA,9.47,-0.49,8098.51,1.07,20.0,67.79,0.15,20.76,Cutibacterium acnes (high G+C Gram-positive bacteria)
AMP_3141_496851,MKRPVRKNHKWWYALFFRQLTPKCPQLFEESTVLWYRLLHLLGRLSVYRGRSFKHGHSTR,10.84,-0.66,7457.7,0.81,20.0,70.73,-2.4,20.68,Lactiplantibacillus plantarum (firmicutes)
AMP_15144_77258228,MRSGSGWPRVYRWSSIWSISRVRAKSARLVPFSASSARRERKASRSS,10.5,-0.76,5398.1,0.76,20.0,70.16,-3.9,20.67,Cutibacterium acnes (high G+C Gram-positive bacteria)
AMP_15091_77258228,MRSLRWSRPRLRSVGIHEGVTRGWARTCTPSSCRKNRGSTTRLAKVSHIA,10.66,-0.73,5677.52,0.78,20.0,70.23,-3.45,20.67,Cutibacterium acnes (high G+C Gram-positive bacteria)
AMP_12216_77258228,MRPLGSRIGSVTLAPSTRVTPCDSAWRARRSSRTVRRHTMPKLG,8.58,-0.63,4906.69,1.04,20.0,65.85,-1.95,20.67,Cutibacterium acnes (high G+C Gram-positive bacteria)
AMP_12472_77258228,MWVRCLIRDSPRRTALGTTRSSGPGVRATHYGFPARRCRRVP,8.57,-0.65,4798.55,1.03,20.0,65.66,-2.25,20.65,Cutibacterium acnes (high G+C Gram-positive bacteria)
AMP_12055_77258228,MSSTRSIAFARWPRSLSLIWSRPRRITSPPSKPTSRTSSPSSPTSRPVPPRSVKSIHIAPLSPPSR,11.59,-0.67,7276.31,0.73,20.0,72.45,-2.55,20.63,Cutibacterium acnes (high G+C Gram-positive bacteria)
AMP_678_496851,MVLNLRRQILHGHRSATITGQIKHLPLRIIKFGNNCSRNTNSHRSK,8.84,-0.64,5318.16,0.98,20.0,66.57,-2.1,20.54,Lactiplantibacillus plantarum (firmicutes)
AMP_11712_77258228,MLPNSSSNSSSMRGCGGSTASSVTPSTRSSMRFVRRAAPSKAALIGCTSVTRRPRPSQPLQRRP,10.48,-0.63,6764.66,0.8,20.0,70.03,-1.95,20.26,Cutibacterium acnes (high G+C Gram-positive bacteria)
AMP_12404_77258228,MLNTGKGTKKNWIAAPIATKVIMRRGCSRRIGREATMTIDDKRAAMYSGRGHSTRLTR,10.58,-0.67,6492.58,0.77,20.0,69.99,-2.55,20.24,Cutibacterium acnes (high G+C Gram-positive bacteria)
AMP_14810_77258228,MTAFSITRSPGVLPCNMRVRRDRSLTIRGQRIAARVPHRSNRPPSATGPTTAS,8.58,-0.57,5802.64,1.02,20.0,65.81,-1.05,20.22,Cutibacterium acnes (high G+C Gram-positive bacteria)
AMP_14825_77258228,MRMENIWSASAASSRVTWSSRRLSGSMVVSHRSSASISPRPLYRWIGLTWGSFLPWVRPSSRSRSRSSSE,8.6,-0.48,7943.9,1.06,20.0,66.32,0.3,20.19,Cutibacterium acnes (high G+C Gram-positive bacteria)
AMP_15467_77258228,MRWYRPPHSTACSPKRSVSVSSRKLVSMPPARKPPRALA,8.57,-0.72,4390.17,0.9,20.0,65.79,-3.3,20.18,Cutibacterium acnes (high G+C Gram-positive bacteria)
AMP_3333_496851,MSFRKTMVIIIPSTRLKSMTGLKRTRNCNNKSKWLNAPWNPKPS,9.48,-0.74,5133.1,0.78,20.0,68.18,-3.6,20.16,Lactiplantibacillus plantarum (firmicutes)
AMP_11730_77258228,MARRLRHHCGVMCWAPPASGVPSKGSKKFTGTESTPCLRRSKITSTNSSSVSPMPAITPEQGDRPLRLRTSTVSILSS,8.65,-0.46,8382.6,1.07,20.0,66.13,0.6,20.1,Cutibacterium acnes (high G+C Gram-positive bacteria)
AMP_15_496851,MAVPARRTSKMRKRNRRGHIKLATPNLAPCPNCGELRVSHRVCPSCGYYNGKQVVKVNN,11.63,-0.74,6634.76,0.61,20.0,72.27,-3.6,20.06,Lactiplantibacillus plantarum (firmicutes)
AMP_12396_77258228,MVYSNPATKAVSKNRFRLIAMSNPMSKARWEGLSRAPFQTKIPSPTAMRQRRPSV,9.5,-0.63,6249.29,0.85,20.0,68.1,-1.95,20.06,Cutibacterium acnes (high G+C Gram-positive bacteria)
AMP_12219_77258228,MAIAVPATTGAIAVGRVRGRAPSSHSAAVAMDNSLSQWWRRGSCVRRAPHRRTSRNVHQWRPYRRCMSNPYLHQ,11.83,-0.66,8395.53,0.65,20.0,72.66,-2.4,20.06,Cutibacterium acnes (high G+C Gram-positive bacteria)
AMP_15284_77258228,MGRNMVREKPPESSLSPPMKRLMRRLPNCCAESPRCGFQGRGRCRSVSGIFVGIRSASWAR,9.47,-0.59,6852.02,0.88,20.0,67.74,-1.35,19.96,Cutibacterium acnes (high G+C Gram-positive bacteria)
AMP_12253_77258228,MLPKVRPTKAGLDTTKRRKSSSLRSLVRVRSETCPRCSTARLTSSGFPTTST,9.48,-0.66,5710.58,0.81,20.0,68.16,-2.4,19.95,Cutibacterium acnes (high G+C Gram-positive bacteria)
AMP_380_496851,MHNCQKTKNTQSITTGASLITSRSRRATRWLSKSPKTFVFRMTRLFQ,9.57,-0.72,5503.35,0.76,20.0,68.18,-3.3,19.92,Lactiplantibacillus plantarum (firmicutes)
AMP_12390_77258228,MSRRASARTSMIFMPGRPRMWRSGLQSRRRVRYSGWLVSDTTTPMGLSMRYSRFSSGGGSK,11.5,-0.73,6977.02,0.6,20.0,72.1,-3.45,19.9,Cutibacterium acnes (high G+C Gram-positive bacteria)
AMP_14879_77258228,MRRVVAASIWSGSVPEDFCEKVDRAMMPAANTGIGWDRRGKHRKRSRIRSSMRVVRRIRSSKPSNWALLGSSP,11.58,-0.66,8296.55,0.64,20.0,72.3,-2.4,19.89,Cutibacterium acnes (high G+C Gram-positive bacteria)
AMP_11761_77258228,MCWPRCPGGVEPRSRSALMASSSRKPCSRSARIRERIQYLSNELGASGRSTGRSVDLSLAGAPARARKSVRAG,10.48,-0.59,7817.88,0.78,20.0,69.84,-1.35,19.87,Cutibacterium acnes (high G+C Gram-positive bacteria)
AMP_3779_496851,MVYLRLARYCNRSAGRCILNRRLLHGKGKSNDGIRQSR,8.56,-0.75,4433.16,0.81,20.0,65.6,-3.75,19.68,Lactiplantibacillus plantarum (firmicutes)
AMP_12532_77258228,MSSWTSNRTGGRPTLRRSSSFSRANSRFSASSSSTSRSSFRVTRKVVCCSTCMPVNSWSR,10.47,-0.68,6657.38,0.68,20.0,70.0,-2.7,19.66,Cutibacterium acnes (high G+C Gram-positive bacteria)
AMP_899_496851,MWSRPSRGRCRPFRIMVILTEYLRTLNRSLTKGRKWSTGFFRERINYG,9.49,-0.72,5894.87,0.72,20.0,68.0,-3.3,19.6,Lactiplantibacillus plantarum (firmicutes)
AMP_11625_77258228,MSVTRTTASSSTDMKMSRSSMKRRVAPLSVVRVGLRILMAQGDPSLRSWPRHTVPMEPRPSTSSRT,8.59,-0.53,7344.49,0.93,20.0,66.37,-0.45,19.6,Cutibacterium acnes (high G+C Gram-positive bacteria)
AMP_15036_77258228,MACQRAHDFHWSRRSSTSIPSTPSKKDGWLSMTVARTSTGMRAPWRHCSRCRPGCVEARSSKVLGLKAAFISRQWT,10.72,-0.61,8593.82,0.7,20.0,70.4,-1.65,19.56,Cutibacterium acnes (high G+C Gram-positive bacteria)
AMP_12300_77258228,MRKRRAVLVVAFQLVNRRLAITKFPTPRRNDASNKNHCGSCDSNCLNRLTISYHPPPRECCF,8.63,-0.55,7173.31,0.93,20.0,65.78,-0.75,19.52,Cutibacterium acnes (high G+C Gram-positive bacteria)
AMP_12455_77258228,MRTNSDFGTWSWKVTLVRRSLATSSMAHCLRAPAPTNRKLTSGRRRAASTMRSSPT,9.58,-0.66,6252.12,0.74,20.0,68.21,-2.4,19.49,Cutibacterium acnes (high G+C Gram-positive bacteria)
AMP_950_496851,MVNQILGVPRSLAPRMDRQGRSRRALRLQPYLTSRAKRWLHFPGK,9.59,-0.76,5315.25,0.66,20.0,68.27,-3.9,19.46,Lactiplantibacillus plantarum (firmicutes)
AMP_14798_77258228,MSSRKRRSISRTISEMRGNRRSKICISHFSRASASTV,8.58,-0.78,4240.86,0.73,20.0,66.06,-4.2,19.43,Cutibacterium acnes (high G+C Gram-positive bacteria)
AMP_235_496851,MVIQMRRINIRNHRNMWVQSLNTTQHKTRKLSHHCVGRRSLLCNC,8.82,-0.7,5471.44,0.78,20.0,66.27,-3.0,19.42,Lactiplantibacillus plantarum (firmicutes)
AMP_547_496851,MKSKTVSSCSSRNHHLATHHVHPTTKVKFTGSISWYRHRLRLVKG,9.01,-0.72,5197.96,0.74,20.0,66.66,-3.3,19.36,Lactiplantibacillus plantarum (firmicutes)
AMP_3236_496851,MNLGQQTLAGRRGQIKNGPLHLSCLIHCKRQTGIGSKRKRVNFINDQYVKRLTKT,10.65,-0.74,6277.32,0.58,20.0,70.33,-3.6,19.35,Lactiplantibacillus plantarum (firmicutes)
AMP_14927_77258228,MSFSPSKSTTSQSWRCTRNSKCCSPRTVYTKIARPSRRISMTLSHSASLTRAGT,9.55,-0.68,5997.81,0.71,20.0,68.03,-2.7,19.34,Cutibacterium acnes (high G+C Gram-positive bacteria)
AMP_692_496851,MAQQRRGGRRRRKVDFIAANHIEYIDYKDTDLLRRFISERGKILPRRVTGTSAKNQRSLTIAIKRARIMGLLAFVSED,10.6,-0.61,9102.49,0.67,20.0,70.3,-1.65,19.32,Lactiplantibacillus plantarum (firmicutes)
AMP_15183_77258228,MANPTWSKAKKTVRSRTRLRVARLSVRVGCAAERLEDTSNGVHRWMITGPAGLQNPAYRMARP,9.58,-0.62,7078.17,0.75,20.0,68.01,-1.8,19.3,Cutibacterium acnes (high G+C Gram-positive bacteria)
AMP_10584_83697148,MPHYTKSNRIISINSIKIMSTNKCIKKVKNTMRRWYYELRMCYNVRN,9.56,-0.74,5827.92,0.67,20.0,67.78,-3.6,19.3,Staphylococcus epidermidis (firmicutes)
AMP_937_496851,MRRLRWQFVAVCARKYPIVSWKSCKHHQHRLLSGRAWHRSRRLVLTHPVDCQSRSEY,10.91,-0.75,7014.13,0.55,20.0,70.67,-3.75,19.27,Lactiplantibacillus plantarum (firmicutes)
AMP_6060_496851,MGKPALDKANKRRIHFSKGSTIYGKAVKYGKVYRIKTDVGYISANKDYVKLVRKSGDK,11.57,-0.79,6549.61,0.45,20.0,72.31,-4.35,19.17,Lactiplantibacillus plantarum (firmicutes)
AMP_8042_83699348,MPHYTKSNRVISINSIKIMSTNKCIKKVKNTMRRWYYELRMCYNVRN,9.56,-0.75,5813.89,0.64,20.0,67.79,-3.75,19.15,Staphylococcus epidermidis (firmicutes)
AMP_713_496851,MKGRSAYWSTAAKTAFNNSSIKRNRSCGVRPPYSSVRRLLCGEKNCWIK,9.47,-0.72,5580.42,0.66,20.0,67.67,-3.3,19.1,Lactiplantibacillus plantarum (firmicutes)
AMP_14719_77258228,MTPPVPAACGGRCPTASTPSPRGENSPPSTTKALPAITCRLRRPSRPARNSIPGAATTGRRVMGKAGPSMPSG,9.47,-0.58,7352.43,0.74,20.0,67.94,-1.2,19.01,Cutibacterium acnes (high G+C Gram-positive bacteria)
AMP_15041_77258228,MGVNARDLSQIRHLPRLRTVAKVAVRKHDHGGAIGHRDTASLQRSVEAIRRGLRCEHRDGRFAIASKHCL,9.01,-0.56,7858.98,0.8,20.0,66.68,-0.9,18.97,Cutibacterium acnes (high G+C Gram-positive bacteria)
AMP_15472_77258228,MSRKVTSSAPSRPYSAASSTGSPASRRPTKLTPLTTRPSLTSRHGMTRIATAMTSGYRAAHPPC,9.66,-0.64,6745.63,0.66,20.0,68.29,-2.1,18.86,Cutibacterium acnes (high G+C Gram-positive bacteria)
AMP_14980_77258228,MRPCSPKCSLVARLGMRHGSNGAARSSLLPNICLQRLPMSYETFPWGISSPMRRQCGYCRTSEHSRWSCIRWNH,8.7,-0.52,8510.84,0.84,20.0,65.98,-0.3,18.84,Cutibacterium acnes (high G+C Gram-positive bacteria)
AMP_15034_77258228,MSWKTRLQTVNGSGVEVMAASIVGIDRHSARTTKKRTTARIGWRAGPNGVRASARSQHRWDISSTV,8.68,-0.57,7249.14,0.77,20.0,66.08,-1.05,18.65,Cutibacterium acnes (high G+C Gram-positive bacteria)
AMP_14695_77258228,MPGGVLRHRASRSIVLVCEERRKPARQLDVPAIRATLPGARGHHVRLTGRCQRQGSNRR,10.75,-0.75,6634.66,0.46,20.0,70.46,-3.75,18.58,Cutibacterium acnes (high G+C Gram-positive bacteria)
AMP_15128_77258228,MIPSPSRPARIWLETLSSTQPPNQLKKLSMASCAGAAQVNSAWKNRNITTKKTIVPHTGWSSTLSIRSVRESRWGSW,8.58,-0.53,8577.75,0.78,20.0,66.16,-0.45,18.54,Cutibacterium acnes (high G+C Gram-positive bacteria)
AMP_881_496851,MVIITIYQEAPMMEKQDLASARRRLRGTNLKSRKRALKILHDARRNASKAK,9.59,-0.75,5936.0,0.51,20.0,68.1,-3.75,18.34,Lactiplantibacillus plantarum (firmicutes)
AMP_12557_77258228,MATASRRTDRPTESKASVAVRTSRAMPYRVSATTTLIGSRIFVPRMSGKRTNSGREGRA,9.5,-0.68,6442.3,0.56,20.0,68.04,-2.7,18.32,Cutibacterium acnes (high G+C Gram-positive bacteria)
AMP_12443_77258228,MTSVRPSTRLLPPAWSPRAPRSTPSRTSSPPRSSTGFTASPSTREPRPSTLACWPLASVRATRSSSLPSLSPLPATR,9.49,-0.59,8199.22,0.61,20.0,67.9,-1.35,18.17,Cutibacterium acnes (high G+C Gram-positive bacteria)
AMP_364_496851,MCHLTKKRPLNNRSNYPKGAYARYHLIANRTHIRLLIAFTTTKRVHNNGCYQ,9.82,-0.77,6156.1,0.45,20.0,68.32,-4.05,18.09,Lactiplantibacillus plantarum (firmicutes)
AMP_15323_77258228,MPTAIAVPRRWIKCERRSFRPLWLLRGMSQVDRRADRLPIYVAPLQDLRSGYRETFRRRGR,10.5,-0.74,7427.66,0.41,20.0,70.03,-3.6,18.08,Cutibacterium acnes (high G+C Gram-positive bacteria)
AMP_15003_77258228,MLGSELKSCRRGRSTGRGSHRLLPTWRGTPRLGGCRCIGRP,8.56,-0.79,4523.27,0.51,20.0,65.7,-4.35,17.94,Cutibacterium acnes (high G+C Gram-positive bacteria)
AMP_12394_77258228,MRSSLCRFRTTQCAFEIVRRLGGTVRLWTSGRRRRSRRGGRTVGAVGNASSNPLAADGERAISSHPHIAGENSW,9.66,-0.62,8139.09,0.55,20.0,67.97,-1.8,17.93,Cutibacterium acnes (high G+C Gram-positive bacteria)
AMP_3720_496851,MFVYNESTKDWRGGGWHSQLLKRLFGWIRVGKLFMWTWTRFMRRSKSGSIQPTRRSR,10.59,-0.78,7008.09,0.35,20.0,70.3,-4.2,17.92,Lactiplantibacillus plantarum (firmicutes)
AMP_14894_77258228,MNPLATRRSTMRAMVEEWTSRSRARSTPRVTPASMRTRSRYCGALTSSASSARERAATSMRAHDACKAISTSV,9.58,-0.64,8022.06,0.51,20.0,68.05,-2.1,17.78,Cutibacterium acnes (high G+C Gram-positive bacteria)
AMP_12120_77258228,MPQSRSRVIARGRNSSSRLWENFKTLGRQSVRVSIHDANDSARAGRSRKKCSVSRNSGAAPVVFDLGSIRSAGSS,10.58,-0.68,8118.0,0.4,20.0,70.22,-2.7,17.75,Cutibacterium acnes (high G+C Gram-positive bacteria)
AMP_12542_77258228,MARAPWAAPNSTAFCRSPVSIRPATRPAAKESPPPTRSRISRLGRSTERTKPVSFDHAIADQSLRLAVRT,8.58,-0.59,7654.68,0.62,20.0,65.95,-1.35,17.73,Cutibacterium acnes (high G+C Gram-positive bacteria)
AMP_12215_77258228,MRQPTFHKGAVISATKRGRGIKHSQTDIDRSIPLREGPAITRQKVRFLRGTVPQL,8.68,-0.68,6208.17,0.54,20.0,66.2,-2.7,17.72,Cutibacterium acnes (high G+C Gram-positive bacteria)
AMP_15398_77258228,MRIGRRSSKPPIVTSSPCLKKTVGCRGPSSATRPAYRPQPPNNVSNVLKPRGSSLDITPR,10.48,-0.76,6471.46,0.34,20.0,70.07,-3.9,17.7,Cutibacterium acnes (high G+C Gram-positive bacteria)
AMP_11645_77258228,MCWLPRTIQKRSTMGWAGRSNLRQAHRGPAMPPRTAAIAPGAGPDPLRLYRSRNL,8.58,-0.67,6140.13,0.55,20.0,65.77,-2.55,17.62,Cutibacterium acnes (high G+C Gram-positive bacteria)
AMP_15534_77258228,MVMTRPIFQVGCFMASAALTSAREARSRPRKGPPDAVRTRRRTSLRPPPRRHWAKAECSESTGTICPEAAA,8.57,-0.59,7838.02,0.59,20.0,65.78,-1.35,17.49,Cutibacterium acnes (high G+C Gram-positive bacteria)
AMP_12149_77258228,MPRPCVSHVETVCASRSRARARAAASCGTATASSGIASCRLVCLSTRTQDSRRTSPQPRRPKSSGRQRDR,11.54,-0.78,7544.49,0.2,20.0,72.0,-4.2,17.24,Cutibacterium acnes (high G+C Gram-positive bacteria)
AMP_15181_77258228,MTTRPPRRLSTSCPIRNFRSKISASSGQTSKRWSALPDVARGARCSAKGRCQDSGWAFSSAS,9.47,-0.71,6718.52,0.36,20.0,67.95,-3.15,17.09,Cutibacterium acnes (high G+C Gram-positive bacteria)
AMP_11844_77258228,MPSSMARSYRRCKSSSDNAATMRRIRSAPCARASSTWYSATTKSLRSTGISTFARTASRSARDP,10.48,-0.77,7008.82,0.24,20.0,69.93,-4.05,17.01,Cutibacterium acnes (high G+C Gram-positive bacteria)
AMP_12334_77258228,MGMGQWKSRAMSKNTGMPTGSPSPRSLKAKSWLKPASPCPYSNSPPPILGTWMQPLRPGFVSPWWISTPWRR,9.48,-0.68,8069.38,0.34,20.0,68.12,-2.7,16.84,Cutibacterium acnes (high G+C Gram-positive bacteria)
AMP_15332_77258228,MATRTASPGIEMSRIRSPTRGELSGRVSSTRFARPFWKVNRRTNSPTVTASSTKAAISRGVETATSTPHTWSNIHSFPG,8.68,-0.62,8589.54,0.4,20.0,66.57,-1.8,16.58,Cutibacterium acnes (high G+C Gram-positive bacteria)
AMP_12207_77258228,MRAKPKNAPVDQRAVSSSPTCHSASSTTGTRMTTSRIIVRERPSPPSAYQAPTARIQRWVSERLVPLTPTMKA,8.58,-0.64,8005.12,0.39,20.0,66.13,-2.1,16.51,Cutibacterium acnes (high G+C Gram-positive bacteria)
AMP_15301_77258228,MSASVNVLRPSTPEAGARRSHATTMPTGASRIPSSWRSRRWARRSGVRSSA,8.59,-0.76,5538.17,0.3,20.0,65.79,-3.9,16.43,Cutibacterium acnes (high G+C Gram-positive bacteria)
AMP_15460_77258228,MWGRVRAKCSDPPLHHRSTLRLQIGQHIVKVIRLDQNVPRLRPLRRPHDITGLEDVHKTARLSKAHTQLTLQH,9.1,-0.69,8533.87,0.22,20.0,67.35,-2.85,15.9,Cutibacterium acnes (high G+C Gram-positive bacteria)
AMP_12077_77258228,MNSVALKPSPRRRFCGGSRPSIRRASMVETSISTAKFPHGTSPSVPSSFAISTPNQENRSQRPARRSRV,10.58,-0.8,7569.51,0.03,20.0,70.4,-4.5,15.79,Cutibacterium acnes (high G+C Gram-positive bacteria)
AMP_11647_77258228,MRTLRQSSALARDTCCTSWAGASGSRQRWQASRSSSLQGQSRTIWKACRRASHTFWGSLNSAR,9.56,-0.78,7047.8,0.08,20.0,67.82,-4.2,15.51,Cutibacterium acnes (high G+C Gram-positive bacteria)
AMP_11964_77258228,MSASRSFVRCSGFRIDPACDPSVQEPCRGLRRVPRSEGRRYPLGRGDPVQLLHQVSHRLRRATRGLGR,9.65,-0.78,7714.79,0.01,20.0,68.25,-4.2,15.12,Cutibacterium acnes (high G+C Gram-positive bacteria)
AMP_12445_77258228,MGPPRSEHIMSPRTIPRMTAEAPLMPPSQLLRAFVKAASGRPSTTYINPPATRDPTSGMMTTGMRPRSQRGGLRRVNQ,8.59,-0.7,8558.89,0.08,20.0,66.05,-3.0,14.74,Cutibacterium acnes (high G+C Gram-positive bacteria)
AMP_14807_77258228,MTIRPRRARRSDKEVAKDRMTPTSLAAVISNPVSRGTPSTLDPRPTMVLRRARSLISTTRRHEIE,8.6,-0.78,7397.5,-0.05,20.0,66.33,-4.2,14.33,Cutibacterium acnes (high G+C Gram-positive bacteria)
AMP_12517_77258228,MLRWGQRTPPLDGRAPHVRRWRPAWFCGRQSVPALWRACHDVNQRSGIRRLALPEQGQAVLPTGRGTQ,8.66,-0.77,7809.91,-0.05,20.0,66.02,-4.05,14.22,Cutibacterium acnes (high G+C Gram-positive bacteria)
AMP_14732_77258228,MAWATSIGVQSRARPASRRRTCSTSLRSGSSPLMSPSPDQRAQRTRYAIVGRPPPMALPRPPGHEPVGGHP,8.67,-0.76,7628.64,-0.08,20.0,66.02,-3.9,13.98,Cutibacterium acnes (high G+C Gram-positive bacteria)
AMP_15396_77258228,MKTSGNLDEITKVCRKCLLLHSPASSMMARSVKRKRQAPKKVPKKHSSQACNRFS,11.64,-0.77,6200.34,0.6,20.0,72.37,15.95,13.5,Cutibacterium acnes (high G+C Gram-positive bacteria)
AMP_14686_77258228,MTRRRIFVFLRPLNALRRTGFARPGLLLIRTEPLVRHPRHDTNRSADIVRRLGPPWDDGMRHR,9.77,-0.69,7537.76,0.5,20.0,68.31,17.15,11.36,Cutibacterium acnes (high G+C Gram-positive bacteria)
