ID,Sequence,Source,Vina_Binding_Energy,Est_Ki_nM,Docking_Confidence
AMP_3793_496851,MRVALRLILKTQKKPCKYYMMRLLKLVIHLVKKLRLLLTRRHRIFIIERPTIMTLRAKRTRRQPLVIIICSY,Lactiplantibacillus plantarum (firmicutes),-9.36,0,85.1
AMP_7761_83699348,MLKIRRHLLILVVCTHVLKLKRVSSGLLTNHKLKVRRLKHTGYVG,Staphylococcus epidermidis (firmicutes),-8.97,0,93.2
AMP_12165_77258228,MRGPISVKRMCTMPRSVIVRFTKRRLATVSVLARLMSFSANGRTRLALVTVVTTWPCSKSWLARLRRMMRS,Cutibacterium acnes (high G+C Gram-positive bacteria),-8.97,0,99.0
AMP_764_496851,MALPHHFQRMATVTKLSRTLKSLKRVFLKRMALTKKTLVFLQLKVFMVMNIR,Lactiplantibacillus plantarum (firmicutes),-8.9,0,88.1
AMP_902_496851,MGMMRQVRATLRMRLALRSPRFITILKIKRSSFWLSLRRSVRKSRLALKRFKSVRIGLRWIN,Lactiplantibacillus plantarum (firmicutes),-8.9,0,92.2
AMP_3164_496851,MIFGTSRKKCAYCMLMLKKRLRTICVRAFPKRCITILRAKNLNSLSPFLNSRG,Lactiplantibacillus plantarum (firmicutes),-8.75,0,92.9
AMP_7764_83699348,MVKSRDLSLLQKVLGNKNLQILYVTKNKLKMLKLMLRLKLKIAV,Staphylococcus epidermidis (firmicutes),-8.79,0,91.9
AMP_843_496851,MVSFKFATVKPGCKTFTLVRLKRVTVITLTRCGPGNFCCTRKKSVS,Lactiplantibacillus plantarum (firmicutes),-8.78,0,86.3
AMP_9136_83697148,MLSKTINKLKISLLIQATKLKVYINKTRHFTGCMRMRASCFLLKF,Staphylococcus epidermidis (firmicutes),-8.78,0,94.4
AMP_6723_83699348,MIIIRAKALIRPGIDKNLIIFILSSSFKAIKANKNAKSINIKPPLSKMGKNINKAIIAVNVLTFIFYSSLNPPKRLWRD,Staphylococcus epidermidis (firmicutes),-8.73,0,89.8
